responder,mean,std,min,median,max,null
responder_0,-0.0015451486688107252,0.5912108421325684,-5.0,-0.0045433081686496735,5.0,0
responder_1,-0.000865599955432117,0.587551474571228,-5.0,-0.023831259459257126,5.0,0
responder_2,-0.00014196035044733435,0.599178671836853,-5.0,-0.0008624471956863999,5.0,0
responder_3,-0.01638008840382099,0.819230854511261,-5.0,-0.025754299014806747,5.0,0
responder_4,-0.012441983446478844,0.8728398680686951,-5.0,-0.04468977451324463,5.0,0
responder_5,-0.0166242104023695,0.7345458269119263,-5.0,-0.009661748073995113,5.0,0
responder_6,-0.002140649128705263,0.8898516297340393,-5.0,-0.025566447526216507,5.0,0
responder_7,0.0014761092606931925,0.9160422682762146,-5.0,-0.039171867072582245,5.0,0
responder_8,-0.001113620586693287,0.8644118309020996,-5.0,-0.008617128245532513,5.0,0
