date_id,responder_6,rolling_mean,rolling_std,shift_score
0,0.52989364,,,
1,0.8122109,,,
2,0.7976522,,,
3,0.96889293,,,
4,0.6982487,,,
5,0.84534013,,,
6,0.854173,,,
7,0.87058306,,,
8,1.3790039,,,
9,1.1240244,,,
10,0.88033557,,,
11,0.8520815,,,
12,0.8117831,,,
13,0.923101,,,
14,0.7784315,,,
15,0.6262014,,,
16,0.9002575,,,
17,0.8182944,,,
18,0.77183086,,,
19,0.6282193,0.843528,0.1806603,
20,1.0415615,0.86911136,0.16981187,0.025583386
21,0.9044639,0.873724,0.16943747,0.0046126246
22,0.68913126,0.86829793,0.17368616,0.005426049
23,0.8237962,0.8610431,0.17228787,0.007254839
24,0.75693345,0.8639773,0.16985191,0.0029342175
25,0.8833499,0.8658778,0.16984504,0.0019004941
26,1.1235319,0.8793458,0.17928518,0.0134679675
27,0.76166314,0.87389976,0.18120933,0.005446017
28,0.6326056,0.8365799,0.1449386,0.03731984
29,0.87020934,0.82388914,0.12864114,0.012690783
30,0.6483037,0.8122875,0.13364808,0.011601627
31,0.952401,0.8173035,0.13705923,0.0050159693
32,0.78557944,0.8159933,0.1372399,0.0013101697
33,0.5574291,0.7977097,0.14627995,0.018283606
34,0.5447051,0.7860234,0.1568551,0.011686325
35,0.6791905,0.78867286,0.15444241,0.002649486
36,0.4544677,0.76638335,0.16897559,0.022289515
37,0.6094783,0.7559425,0.17202303,0.010440826
38,0.54240024,0.744471,0.17843802,0.01147151
39,0.74032295,0.7500762,0.17634249,0.005605161
40,0.59308326,0.7276523,0.16550772,0.022423863
41,0.88512003,0.7266851,0.16447337,0.00096720457
42,0.6523083,0.724844,0.16512072,0.0018411279
43,0.87461853,0.7273851,0.16710284,0.0025411248
44,0.9781251,0.7384447,0.17623177,0.011059582
45,0.7904862,0.7338015,0.17341381,0.004643202
46,0.8127623,0.71826303,0.14883597,0.015538454
47,0.6934275,0.7148512,0.1485706,0.0034118295
48,0.8981771,0.72812974,0.15264489,0.013278544
49,0.7968248,0.72446054,0.14990734,0.0036692023
50,0.7834815,0.7312194,0.14933923,0.0067588687
51,0.7303012,0.72011447,0.13999155,0.011104941
52,0.6621441,0.71394265,0.13967408,0.0061718225
53,0.8066452,0.72640353,0.13604565,0.012460887
54,0.8299558,0.74066603,0.1308475,0.014262497
55,0.7768199,0.7455475,0.13025312,0.0048814416
56,0.6941797,0.75753313,0.11177744,0.01198566
57,0.92782295,0.7734503,0.11224995,0.015917182
58,0.792364,0.7859485,0.09820774,0.0124982
59,0.9225759,0.7950612,0.102128655,0.009112656
60,0.6695929,0.79888666,0.09537447,0.0038254857
61,0.7108125,0.79017127,0.095043264,0.008715391
62,0.95692563,0.80540216,0.09618853,0.015230894
63,0.7992539,0.80163395,0.094800435,0.0037682056
64,0.71003014,0.78822917,0.0871791,0.013404787
65,0.5429396,0.77585185,0.102982275,0.012377322
66,0.5252303,0.7614752,0.11671302,0.01437664
67,0.9923679,0.77642226,0.126289,0.014947057
68,0.747194,0.7688731,0.12310021,0.0075491667
69,0.68038136,0.7630509,0.12445483,0.0058221817
70,0.8235357,0.76505363,0.1251214,0.002002716
71,0.8115005,0.7691136,0.12525171,0.0040599704
72,0.99099493,0.78555614,0.13187984,0.016442537
73,0.76633155,0.7835404,0.13184862,0.0020157099
74,0.88139015,0.7861122,0.13329528,0.0025717616
75,0.79211617,0.786877,0.13328303,0.0007647872
76,0.67139554,0.7857378,0.1342112,0.001139164
77,0.72239256,0.77546626,0.13057657,0.010271549
78,0.72503614,0.77209985,0.13098525,0.0033664107
79,0.7383783,0.76289,0.12623772,0.009209871
80,0.7387212,0.7663464,0.12448295,0.0034564137
81,0.7272958,0.76717055,0.12415005,0.0008241534
82,0.7676587,0.75770724,0.115861446,0.00946331
83,0.8169734,0.7585932,0.11626292,0.00088596344
84,0.7838264,0.76228297,0.11581072,0.003689766
85,0.90876454,0.78057426,0.10796789,0.018291295
86,0.9702486,0.80282515,0.0979683,0.02225089
87,0.86486244,0.7964499,0.08869441,0.006375253
88,1.0351765,0.810849,0.10256829,0.014399111
89,1.0367602,0.82866794,0.10943601,0.017818928
90,0.9405211,0.8345172,0.11223779,0.005849242
91,0.77028114,0.8324563,0.11305813,0.0020608902
92,0.844604,0.8251368,0.106820606,0.00731951
93,0.99775577,0.83670795,0.1124988,0.011571169
94,0.89186245,0.8372315,0.11274182,0.0005235672
95,0.841789,0.8397152,0.11224167,0.002483666
96,0.82642,0.84746635,0.105133824,0.007751167
97,1.1105074,0.86687213,0.1160818,0.019405782
98,0.92224514,0.87673265,0.11169245,0.009860516
99,0.7801018,0.8788188,0.10933709,0.0020861626
100,0.5587539,0.8698204,0.12738921,0.008998394
101,0.6286609,0.86488867,0.134886,0.004931748
102,0.7587281,0.86444217,0.13523912,0.0004464984
103,0.78662145,0.8629246,0.13596818,0.0015175939
104,0.72943103,0.8602048,0.13816,0.00271976
105,0.85131097,0.8573321,0.1376937,0.0028727055
106,0.8248538,0.8500624,0.13523455,0.00726974
107,0.89256203,0.8514473,0.13553561,0.0013849139
108,0.71804404,0.8355907,0.13139725,0.015856564
109,0.7471915,0.8211123,0.12379785,0.014478445
110,0.7785745,0.813015,0.12083741,0.008097291
111,0.82248485,0.8156251,0.12042887,0.0026100874
112,0.72247636,0.8095187,0.12196857,0.0061063766
113,0.72438467,0.79585016,0.11487484,0.013668537
114,0.63278246,0.78289616,0.118042134,0.012953997
115,0.67216754,0.77441514,0.119670354,0.008481026
116,0.76141477,0.77116483,0.11906479,0.003250301
117,0.6834018,0.7498096,0.089671955,0.021355212
118,0.6403343,0.7357141,0.083052695,0.014095545
119,0.66754025,0.73008597,0.08369781,0.005628109
120,0.9283802,0.7485673,0.08467768,0.018481314
121,0.93602085,0.76393527,0.08952321,0.015367985
122,0.9438209,0.7731899,0.09811176,0.009254634
123,0.7665375,0.7721857,0.098069824,0.001004219
124,0.8814476,0.7797865,0.10044398,0.007600844
125,0.792048,0.7768234,0.09908791,0.0029631257
126,0.9708746,0.78412443,0.10780897,0.0073010325
127,0.80866605,0.77992964,0.10496224,0.004194796
128,0.6903552,0.7785452,0.105998956,0.0013844371
129,1.309829,0.80667704,0.15876682,0.028131843
130,1.1890546,0.82720107,0.18004814,0.020524025
131,1.0973566,0.84094465,0.18989101,0.013743579
132,0.92373043,0.85100734,0.18861084,0.010062695
133,0.90491986,0.8600341,0.1865406,0.009026766
134,0.9355302,0.8751715,0.17927104,0.015137374
135,0.8898725,0.8860567,0.17278825,0.010885239
136,0.9932984,0.8976509,0.17176121,0.011594176
137,1.1032871,0.9186452,0.16984586,0.020994306
138,0.91832817,0.9325449,0.15674047,0.013899684
139,0.8673738,0.94253653,0.14487873,0.009991646
140,0.8996805,0.94110155,0.14516816,0.0014349818
141,0.68853456,0.92872727,0.1557839,0.012374282
142,0.8449706,0.92378473,0.15684433,0.0049425364
143,0.87180126,0.92904794,0.15300916,0.0052632093
144,1.1487358,0.9424124,0.16013959,0.013364434
145,1.0144083,0.95353043,0.15683562,0.011118054
146,1.0088927,0.9554313,0.15728664,0.0019008517
147,0.8466485,0.9573304,0.155642,0.0018991232
148,0.855599,0.96559256,0.14472705,0.008262157
149,0.8323738,0.94171983,0.12265117,0.023872733
150,0.8741616,0.9259752,0.10864103,0.015744627
151,1.261565,0.9341856,0.12693872,0.008210421
152,1.0209267,0.9390454,0.12836987,0.004859805
153,1.3317655,0.9603877,0.15509799,0.021342278
154,1.5477132,0.99099684,0.20295803,0.03060913
155,1.1404774,1.003527,0.20411883,0.012530208
156,0.9175161,0.9997379,0.20502008,0.0037891269
157,0.98982465,0.9940649,0.20356864,0.0056729913
158,0.8635926,0.99132806,0.20500332,0.0027368665
159,0.8360845,0.9897636,0.20611542,0.0015644431
160,0.8730621,0.9884327,0.20681249,0.0013309121
161,0.7592085,0.99196637,0.20196557,0.0035336614
162,0.8464791,0.99204177,0.20190807,0.000075399876
163,0.77552485,0.98722804,0.20603126,0.0048137307
164,0.9509704,0.97733974,0.20258892,0.009888291
165,0.96532774,0.97488564,0.20241344,0.002454102
166,0.91453385,0.97016776,0.20267858,0.0047178864
167,0.9498411,0.9753274,0.2006722,0.0051596165
168,0.8445339,0.9747742,0.20103458,0.0005531907
169,0.909072,0.9786091,0.19889536,0.0038349032
170,0.84109485,0.9769557,0.19994396,0.0016533732
171,1.1377976,0.9707673,0.19244629,0.0061883926
172,0.89760226,0.96460116,0.19273007,0.00616616
173,0.98079616,0.94705266,0.1724508,0.017548501
174,1.1668073,0.9280073,0.113622375,0.019045353
175,0.9342875,0.9176978,0.10209929,0.010309517
176,0.85033804,0.91433895,0.10320462,0.003358841
177,0.92745423,0.91122043,0.101735495,0.003118515
178,1.1447113,0.9252764,0.11354347,0.014055967
179,1.0432872,0.9356365,0.114426486,0.010360122
180,1.127766,0.9483717,0.121076204,0.012735188
181,0.9904382,0.95993316,0.112821005,0.011561453
182,0.96855265,0.9660369,0.109616645,0.006103754
183,0.7925322,0.9668872,0.10811664,0.00085026026
184,0.8011505,0.95939624,0.11429141,0.007490933
185,0.75406826,0.9488333,0.12313468,0.010562956
186,0.7692289,0.941568,0.12939261,0.0072652698
187,0.77723074,0.9329375,0.13446875,0.008630514
188,1.2486931,0.9531454,0.14996038,0.020207882
189,0.88120365,0.951752,0.1505199,0.0013933778
190,0.9324449,0.9563195,0.14835574,0.004567504
191,0.8122872,0.94004405,0.14522074,0.016275465
192,0.7432485,0.9323263,0.15155825,0.0077177286
193,0.7290008,0.91973656,0.15765552,0.012589753
194,0.7705994,0.8999262,0.1496661,0.019810379
195,0.713908,0.88890713,0.15501997,0.011019051
196,0.8086319,0.88682187,0.15584442,0.0020852685
197,0.7812018,0.87950927,0.15726233,0.007312596
198,0.7257327,0.8585604,0.14769016,0.020948887
199,0.8243492,0.84761345,0.141251,0.010946929
200,0.8394861,0.8331994,0.1249232,0.014414072
201,0.7302112,0.82018805,0.12117994,0.013011336
202,0.86195886,0.81485844,0.11656749,0.005329609
203,0.71781313,0.8111224,0.118502006,0.0037360191
204,0.80887336,0.81150854,0.118480384,0.0003861189
205,1.1004231,0.8288263,0.1339459,0.017317772
206,1.0693107,0.8438304,0.14339253,0.015004098
207,1.0150002,0.8557189,0.14738132,0.011888504
208,1.1222036,0.84939444,0.13148728,0.00632447
209,1.0366365,0.8571661,0.13790327,0.007771671
210,1.058521,0.8634699,0.14426057,0.006303787
211,1.0141127,0.8735611,0.14751415,0.010091186
212,0.9564304,0.88422024,0.14528768,0.010659158
213,0.98501575,0.897021,0.14213617,0.012800753
214,0.9631491,0.90664846,0.13962127,0.009627461
215,1.1878808,0.9303471,0.14529428,0.023698628
216,0.963746,0.93810284,0.14256965,0.0077557564
217,1.058324,0.95195895,0.13996078,0.013856113
218,1.0476902,0.9680568,0.13078602,0.016097844
219,1.0800298,0.9808408,0.12847531,0.012784004
220,0.9303923,0.9853861,0.12476565,0.0045452714
221,0.9105789,0.9944045,0.111123,0.009018421
222,0.8259139,0.9926022,0.113647744,0.0018022656
223,0.75367683,0.99439543,0.109282926,0.0017932057
224,1.0640876,1.0071561,0.101071686,0.012760699
225,1.0477295,1.0045215,0.099181615,0.0026346445
226,0.86404437,0.9942582,0.10268304,0.010263264
227,0.8838675,0.98770154,0.10543853,0.0065566897
228,0.8855659,0.97586966,0.102795,0.01183188
229,0.9110467,0.9695902,0.102723494,0.0062794685
230,0.76827276,0.95507777,0.10976002,0.01451242
231,0.7769757,0.9432209,0.11569504,0.011856854
232,0.72940314,0.9318695,0.1250869,0.011351407
233,0.77009547,0.9211235,0.129437,0.010746002
234,0.7562412,0.91077816,0.13408643,0.01034534
235,0.8350746,0.8931378,0.11794865,0.017640352
236,0.77291644,0.8835963,0.1196426,0.009541512
237,0.68780124,0.8650702,0.11984953,0.018526077
238,0.6821952,0.84679544,0.11839457,0.018274784
239,0.71399117,0.8284935,0.10830456,0.018301964
240,0.7571818,0.819833,0.10663997,0.008660495
241,0.6461363,0.8066109,0.11109711,0.013222098
242,0.5520772,0.79291904,0.12464143,0.013691843
243,0.5778092,0.7841257,0.13344821,0.008793354
244,0.65913427,0.763878,0.118633635,0.020247698
245,0.74504334,0.74874365,0.098035164,0.015134335
246,0.6950269,0.7402928,0.09480447,0.008450866
247,0.82264966,0.7372319,0.09082993,0.0030608773
248,0.78220665,0.73206395,0.08467804,0.005167961
249,0.7396814,0.72349566,0.0735534,0.008568287
250,0.7100151,0.72058284,0.072836876,0.0029128194
251,0.76320094,0.71989405,0.07233898,0.0006887913
252,0.87497294,0.72717255,0.080238186,0.007278502
253,0.8721775,0.7322766,0.08614192,0.005104065
254,0.73279047,0.73110414,0.08595796,0.001172483
255,0.8118046,0.7299406,0.08462371,0.0011635423
256,0.9081437,0.73670197,0.09320531,0.006761372
257,0.8260336,0.7436136,0.094504476,0.0069116354
258,0.8202764,0.75051767,0.09482462,0.0069040656
259,0.686903,0.74916327,0.095564365,0.0013543963
260,0.7662391,0.7496161,0.0956258,0.0004528165
261,0.858894,0.760254,0.09534201,0.010637939
262,0.74324214,0.7698122,0.082025826,0.009558201
263,0.84321,0.7830823,0.06990094,0.01327008
264,0.83696413,0.79197377,0.06439829,0.008891463
265,0.77082616,0.7932629,0.063663244,0.0012891293
266,0.6575901,0.7913911,0.06715806,0.0018718243
267,0.79038125,0.78977764,0.06675397,0.0016134381
268,0.7869077,0.7900127,0.06673418,0.00023508072
269,0.78781545,0.79241943,0.06568317,0.0024067163
270,0.8523228,0.7995348,0.06397231,0.007115364
271,1.0497453,0.813862,0.084272884,0.014327228
272,0.9583635,0.8180315,0.089364685,0.004169464
273,0.93734837,0.82129014,0.092573516,0.0032586455
274,0.9608855,0.8326948,0.09511228,0.011404693
275,0.76389027,0.8302991,0.09626265,0.002395749
276,0.83371866,0.82657784,0.09451773,0.0037212372
277,0.8367481,0.8271136,0.09454484,0.00053578615
278,0.7376045,0.82298005,0.09664346,0.004133582
279,0.7866358,0.8279667,0.091699116,0.004986644
280,0.8400897,0.83165914,0.090562515,0.0036924481
281,0.91953653,0.83469135,0.09251647,0.0030322075
282,0.73495793,0.83427703,0.09296491,0.0004143119
283,0.77231085,0.83073217,0.09395287,0.003544867
284,0.687978,0.82328284,0.09919299,0.007449329
285,0.6923528,0.8193591,0.10286138,0.003923714
286,0.73606503,0.8232829,0.09773476,0.0039237738
287,0.84801644,0.8261646,0.097563125,0.0028817058
288,0.9078931,0.832214,0.098744564,0.0060493946
289,0.8269663,0.8341715,0.09820466,0.0019574761
290,0.72566,0.8278383,0.101016425,0.0063331723
291,0.9180476,0.8212535,0.08941618,0.006584823
292,0.7474585,0.8107082,0.08470765,0.010545254
293,0.76172984,0.80192727,0.07985229,0.008780956
294,0.72971314,0.7903687,0.07197459,0.011558592
295,0.7371913,0.7890337,0.07273513,0.0013349652
296,0.80957466,0.7878265,0.07215247,0.0012072325
297,0.8251201,0.78724515,0.07178342,0.0005813241
298,0.7604152,0.7883856,0.07113145,0.0011404753
299,0.7382369,0.7859657,0.07201195,0.0024199486
300,0.84230024,0.7860762,0.072101034,0.00011050701
301,0.8037459,0.78028667,0.06513258,0.0057895184
302,0.83121485,0.78509957,0.065163165,0.0048128963
303,0.71667635,0.7823178,0.0669021,0.0027817488
304,0.89877516,0.7928577,0.0678553,0.010539889
305,0.81843853,0.799162,0.06375973,0.006304264
306,0.79001373,0.8018594,0.062068593,0.0026974082
307,0.9065984,0.8047885,0.06564093,0.0029290915
308,0.8874612,0.8037669,0.06409254,0.001021564
309,0.79989827,0.80241346,0.06386225,0.0013534427
310,0.56774527,0.79451776,0.08124705,0.007895708
311,0.7928723,0.78825897,0.075873934,0.0062587857
312,0.90113926,0.795943,0.07923204,0.007684052
313,1.1664381,0.81617844,0.11405982,0.02023542
314,0.9119996,0.82529277,0.11406998,0.009114325
315,0.9906978,0.83796805,0.117789045,0.012675285
316,1.2580608,0.8603924,0.15030244,0.02242434
317,1.4075134,0.88951206,0.19335866,0.02911967
318,1.1059,0.9067863,0.19662328,0.01727426
319,0.9183601,0.91579247,0.19258033,0.009006143
320,0.79349947,0.9133524,0.19386536,0.002440095
321,1.1477478,0.9305525,0.19882584,0.017200112
322,1.3013976,0.9540617,0.21370257,0.023509204
323,0.94689775,0.9655727,0.2063156,0.011511028
324,0.85676414,0.9634722,0.20724325,0.0021005273
325,0.963963,0.9707484,0.20441858,0.007276237
326,1.1496583,0.9887306,0.20349948,0.017982185
327,1.0094979,0.9938756,0.20261252,0.0051450133
328,1.0244606,1.0007255,0.20113596,0.006849885
329,1.2103285,1.0212471,0.20050423,0.02052164
330,1.3471459,1.0602171,0.18267168,0.038969994
331,1.0459739,1.0728722,0.17160794,0.01265502
332,1.269634,1.0912969,0.17198074,0.01842475
333,1.3589157,1.1009208,0.18152733,0.009623885
334,1.1215287,1.1113973,0.1760128,0.01047647
335,1.0948013,1.1166024,0.17378068,0.0052051544
336,0.9315701,1.1002779,0.17512274,0.01632452
337,1.0039068,1.0800976,0.16049927,0.020180345
338,1.2303636,1.0863208,0.16392872,0.0062232018
339,0.95573604,1.0881895,0.1621162,0.0018687248
340,0.9346606,1.0952476,0.1513247,0.0070581436
341,0.8611641,1.0809184,0.15944253,0.014329195
342,1.0184453,1.0667708,0.1511892,0.014147639
343,1.1170186,1.0752769,0.14885767,0.00850606
344,1.1582273,1.09035,0.14060068,0.01507318
345,1.1487428,1.099589,0.13790372,0.009238958
346,0.9520732,1.0897098,0.1411668,0.009879231
347,0.9319135,1.0858305,0.14451335,0.0038793087
348,1.0048897,1.084852,0.14501616,0.0009784698
349,1.1842458,1.0835478,0.14394166,0.0013041496
350,1.3588572,1.0841334,0.14508967,0.00058555603
351,0.87196845,1.0754331,0.15252492,0.008700252
352,0.8895839,1.0564306,0.15072058,0.019002557
353,1.1872225,1.047846,0.13683501,0.008584619
354,1.093824,1.0464607,0.13618854,0.001385212
355,1.1410899,1.0487752,0.13744085,0.0023144484
356,1.3028985,1.0673416,0.14561254,0.01856637
357,1.0140886,1.0678507,0.14539672,0.0005091429
358,0.92249495,1.0524572,0.14357148,0.015393496
359,0.87062293,1.0482016,0.14778881,0.0042556524
360,0.93461335,1.0481993,0.14779073,0.0000022649765
361,0.8830128,1.0492917,0.14640974,0.0010924339
362,0.84803087,1.0407709,0.15310518,0.008520842
363,0.9119584,1.0305179,0.15458931,0.010252953
364,1.2497888,1.0350959,0.1598371,0.0045779943
365,0.8688547,1.0211016,0.16160606,0.013994336
366,0.9597747,1.0214866,0.16144201,0.000385046
367,0.81236553,1.0155094,0.16704878,0.005977273
368,0.767581,1.0036438,0.17602938,0.011865616
369,0.757837,0.98232335,0.178805,0.021320403
370,0.77765244,0.95326316,0.16070172,0.029060185
371,0.8009551,0.94971246,0.16335505,0.0035507083
372,0.7354494,0.94200575,0.1698479,0.0077067018
373,0.891273,0.9272083,0.15996401,0.014797449
374,0.8799183,0.91651297,0.15532123,0.010695338
375,1.0968711,0.91430205,0.15224037,0.002210915
376,1.2995418,0.9141342,0.1517906,0.00016784668
377,1.4847374,0.9376667,0.19765586,0.02353251
378,0.91624427,0.9373542,0.19768605,0.00031250715
379,0.8995215,0.9387991,0.19727783,0.0014448762
380,0.93189114,0.938663,0.1972818,0.0001360774
381,1.0904384,0.9490342,0.19964042,0.010371208
382,0.7481597,0.94404066,0.20351125,0.004993558
383,0.7539329,0.9361394,0.20784393,0.007901251
384,0.7380428,0.91055214,0.19848837,0.02558726
385,1.003484,0.91728354,0.19928114,0.006731391
386,1.0444837,0.921519,0.20112343,0.0042354465
387,0.9010635,0.925954,0.19956172,0.004435003
388,0.7547689,0.9253133,0.20011663,0.0006406903
389,0.7523021,0.9250366,0.20036411,0.00027668476
390,0.7038664,0.92134726,0.20386937,0.0036893487
391,0.812811,0.92194,0.20351782,0.0005927682
392,0.86885977,0.9286106,0.19922473,0.006670594
393,0.7822032,0.9231571,0.20177704,0.005453527
394,0.80895704,0.91960907,0.20319629,0.003548026
395,0.7871145,0.9041212,0.2007645,0.01548785
396,0.7355468,0.8759214,0.18092987,0.028199792
397,1.0250705,0.85293806,0.11765261,0.022983372
398,1.9260952,0.90343064,0.26750988,0.050492585
399,1.9190255,0.9544059,0.3508724,0.050975263
400,1.2738487,0.97150373,0.35797733,0.01709783
401,1.3870742,0.9863356,0.36913565,0.014831841
402,1.1967098,1.0087631,0.36752594,0.0224275
403,1.4209253,1.0421126,0.37340018,0.033349514
404,0.8951608,1.0499685,0.36828396,0.007855892
405,0.7782611,1.0387075,0.37319082,0.011260986
406,0.6928099,1.0211236,0.38110533,0.017583847
407,0.84141755,1.0181415,0.3823257,0.0029821396
408,0.81311893,1.0210589,0.38042808,0.002917409
409,0.7225638,1.019572,0.38159016,0.0014868975
410,0.7165056,1.020204,0.38104987,0.00063192844
411,0.6474115,1.011934,0.38752764,0.008269906
412,0.69901127,1.0034416,0.3926552,0.00849247
413,0.6953054,0.9990967,0.39570108,0.0043448806
414,0.69537526,0.99341756,0.39937162,0.0056791306
415,0.7717521,0.99264944,0.39980385,0.00076812506
416,1.1355292,1.0126486,0.39625436,0.019999146
417,1.0533735,1.0140637,0.39635158,0.0014151335
418,0.75674254,0.9555961,0.33645523,0.058467627
419,0.5892807,0.88910884,0.25837752,0.06648725
420,0.8400648,0.8674196,0.24207349,0.021689236
421,0.98037004,0.8470844,0.21124175,0.020335197
422,0.7955889,0.8270284,0.19469376,0.02005601
423,0.9022283,0.8010936,0.13759145,0.025934815
424,0.88943505,0.8008073,0.13739124,0.0002862811
425,0.8504053,0.80441445,0.13771482,0.003607154
426,0.81972355,0.81076014,0.13520268,0.0063456893
427,0.789555,0.8081671,0.13508102,0.0025930405
428,0.7617038,0.80559623,0.13547051,0.0025708675
429,0.80074114,0.80950516,0.13406922,0.003908932
430,0.93257755,0.8203088,0.13488398,0.01080364
431,0.9120082,0.83353865,0.12991796,0.013229847
432,0.87546676,0.84236133,0.12624086,0.0088226795
433,0.92783225,0.8539877,0.12264085,0.011626363
434,0.8582099,0.8621294,0.116823964,0.008141696
435,1.0428016,0.8756819,0.12141922,0.013552487
436,1.2004112,0.878926,0.12933595,0.003244102
437,0.81679416,0.867097,0.12321524,0.011828959
438,0.78692394,0.8686061,0.12197109,0.0015090704
439,0.87988377,0.8831363,0.10273728,0.014530182
440,0.8700515,0.8846356,0.10229346,0.0014993548
441,0.88934314,0.8800842,0.09980451,0.0045514107
442,0.9286952,0.88673955,0.09830018,0.0066553354
443,1.088885,0.8960724,0.108209446,0.009332836
444,0.9432423,0.8987628,0.10870351,0.0026904345
445,1.052538,0.9088694,0.11327147,0.010106564
446,0.9614954,0.91595805,0.111825906,0.007088661
447,1.2706121,0.94001085,0.1329477,0.024052799
448,1.3781438,0.9708328,0.15844537,0.030821979
449,1.1315386,0.9873727,0.15701452,0.016539872
450,1.1096461,0.99622613,0.15874478,0.0088534355
451,0.9715787,0.99920464,0.15763643,0.0029785037
452,0.8888219,0.9998724,0.15711209,0.00066775084
453,0.8217927,0.99457043,0.16140182,0.0053019524
454,0.9315405,0.99823695,0.15895548,0.0036665201
455,0.9764219,0.994918,0.15866876,0.0033189654
456,0.88717055,0.979256,0.15266334,0.015662014
457,0.85767114,0.98129976,0.15063396,0.0020437837
458,0.919644,0.98793584,0.14441533,0.006636083
459,0.80601174,0.98424226,0.14821894,0.0036935806
460,0.6572612,0.97360265,0.16367833,0.010639608
461,0.66042185,0.96215665,0.1773168,0.011445999
462,0.8276132,0.9571025,0.1797447,0.005054176
463,0.89175206,0.9472459,0.17752925,0.009856582
464,0.7194306,0.9360553,0.18470392,0.011190593
465,0.88702524,0.9277797,0.18290941,0.008275628
466,0.9009661,0.9247532,0.18282293,0.0030264854
467,0.8089202,0.90166867,0.16514765,0.023084521
468,0.7462199,0.87007236,0.12468286,0.031596303
469,0.75879055,0.851435,0.11060658,0.01863736
470,0.7662219,0.8342638,0.09378975,0.017171204
471,0.94056994,0.8327133,0.0916318,0.0015504956
472,0.9992899,0.8382367,0.09828015,0.0055233836
473,0.9319119,0.8437427,0.10037274,0.0055060387
474,0.769549,0.8356431,0.0994467,0.008099616
475,0.670348,0.8203395,0.10019009,0.015303612
476,0.7273483,0.81234837,0.10094991,0.007991135
477,0.74761206,0.80684537,0.10134822,0.005502999
478,1.0058911,0.8111577,0.10801597,0.0043123364
479,0.85768735,0.8137415,0.10850334,0.0025838017
480,0.9279698,0.827277,0.104776554,0.0135355
481,0.68709284,0.82861054,0.10269008,0.0013335347
482,0.86567986,0.83051383,0.10302286,0.0019032955
483,0.783396,0.825096,0.10248065,0.005417824
484,0.80902743,0.82957584,0.09953445,0.0044798255
485,0.8191204,0.82618064,0.09862565,0.0033951998
486,0.69320595,0.8157927,0.101240866,0.010387957
487,0.59781146,0.8052372,0.112386726,0.010555506
488,0.58483773,0.7971681,0.122211084,0.008069098
489,0.84697,0.8015771,0.12234422,0.004409015
490,0.81663305,0.80409753,0.12209653,0.002520442
491,0.797932,0.7969657,0.117795475,0.007131815
492,0.8335325,0.7886778,0.108256035,0.008287907
493,0.9970384,0.79193413,0.11363702,0.003256321
494,0.9186613,0.7993898,0.11693476,0.007455647
495,0.81376755,0.8065608,0.112933956,0.007171035
496,0.86039925,0.81321335,0.11193662,0.006652534
497,0.8637562,0.81902057,0.11136543,0.005807221
498,0.91970634,0.8147113,0.10525372,0.0043092966
499,0.8164939,0.81265163,0.104770415,0.0020596385
500,0.8589135,0.80919874,0.10186766,0.003452897
501,0.85207117,0.81744766,0.09806836,0.008248925
502,1.0523425,0.8267808,0.11093805,0.009333134
503,1.1811475,0.8466684,0.13565065,0.019887626
504,1.0212219,0.85727817,0.14075392,0.010609746
505,1.057475,0.8691958,0.147292,0.011917651
506,0.922781,0.88067466,0.14169416,0.011478841
507,1.1144947,0.90650874,0.1343169,0.025834084
508,1.0645342,0.93049365,0.115342505,0.023984909
509,1.0251807,0.93940413,0.11543407,0.008910477
510,0.9208412,0.9446145,0.111898534,0.0052103996
511,0.9569446,0.9525652,0.106444046,0.007950664
512,1.0727377,0.9645254,0.10580222,0.011960208
513,1.3342522,0.98138607,0.13429019,0.016860664
514,1.1860154,0.99475384,0.14086351,0.013367772
515,1.0173678,1.0049338,0.1342995,0.0101799965
516,1.0747685,1.0156523,0.13066222,0.010718465
517,1.0691689,1.025923,0.12608719,0.010270715
518,0.97779006,1.0288271,0.12416621,0.0029040575
519,0.8690427,1.0314546,0.11992,0.002627492
520,0.84185076,1.0306014,0.12126525,0.0008531809
521,1.036066,1.0398012,0.113755055,0.009199858
522,1.1281714,1.0435927,0.11544617,0.0037914515
523,1.2632616,1.0476983,0.12187667,0.004105568
524,1.0585697,1.0495657,0.12173569,0.0018674135
525,0.9757828,1.0454811,0.12282201,0.004084587
526,0.97707504,1.0481958,0.1205462,0.0027147532
527,0.9097809,1.0379602,0.123280615,0.010235667
528,0.9152475,1.0304958,0.12607475,0.007464409
529,0.93906015,1.0261897,0.12772572,0.004306078
530,1.0132293,1.0308092,0.12536395,0.004619479
531,0.86483693,1.0262038,0.12983245,0.0046054125
532,0.8604436,1.015589,0.13442479,0.010614753
533,0.88815624,0.9932842,0.11426499,0.022304773
534,0.9297984,0.9804734,0.10555021,0.012810826
535,0.926623,0.97593623,0.10583081,0.004537165
536,1.0671003,0.97555274,0.10546717,0.00038349628
537,0.9265934,0.968424,0.10360852,0.0071287155
538,1.1376886,0.97641885,0.11032111,0.007994831
539,1.1666197,0.9912977,0.115043074,0.014878869
540,1.0604405,1.0022272,0.110387005,0.010929465
541,1.047788,1.0028133,0.11060703,0.0005861521
542,0.9534741,0.99407846,0.107026346,0.008734882
543,0.9568405,0.9787575,0.08641107,0.015320957
544,0.9093688,0.9712974,0.08559461,0.0074601173
545,0.91724306,0.96837044,0.08642999,0.0029269457
546,1.0935444,0.9741939,0.09085767,0.0058234334
547,1.0828806,0.9828488,0.09262625,0.008654952
548,0.96127087,0.98515004,0.09142227,0.0023012161
549,1.2778692,1.0020905,0.111596845,0.016940415
550,1.4704646,1.0249522,0.15311164,0.02286172
551,1.3250419,1.0479624,0.16209933,0.023010254
552,1.9025162,1.1000661,0.24495442,0.05210364
553,1.8778766,1.1495521,0.29479313,0.04948604
554,1.2260292,1.1643636,0.29058254,0.014811516
555,1.3200301,1.1840341,0.2869347,0.019670486
556,1.0151358,1.1814358,0.2882814,0.0025982857
557,0.918284,1.1810204,0.28867376,0.00041544437
558,0.9628167,1.1722767,0.29267588,0.008743644
559,1.0450948,1.1662005,0.29405773,0.0060762167
560,0.8916566,1.1577613,0.29962203,0.008439183
561,0.76885986,1.1438148,0.3112753,0.013946533
562,0.855426,1.1389124,0.31517845,0.004902363
563,0.832619,1.1327014,0.32014024,0.0062110424
564,0.8293864,1.1287023,0.3235582,0.003999114
565,0.77932227,1.1218063,0.3297135,0.006896019
566,0.74410343,1.1043342,0.34037626,0.017472029
567,0.8079713,1.0905888,0.34677887,0.013745427
568,0.7734707,1.0811987,0.35295245,0.009390116
569,0.5324654,1.0439285,0.3700342,0.03727019
570,0.52370304,0.99659044,0.37314203,0.04733807
571,0.74056137,0.9673664,0.36892834,0.029224038
572,0.90098804,0.91729003,0.29609764,0.050076365
573,0.854929,0.86614263,0.19120719,0.0511474
574,0.8511259,0.8473975,0.17142178,0.018745124
575,0.83914965,0.82335347,0.13047428,0.024044037
576,0.8378454,0.814489,0.12254004,0.008864462
577,0.80388653,0.80876905,0.12008546,0.0057199597
578,0.8648726,0.8038718,0.11537744,0.004897237
579,0.9506968,0.79915196,0.10658592,0.0047198534
580,0.9158465,0.80036145,0.10782097,0.0012094975
581,0.9431558,0.8090762,0.11209977,0.0087147355
582,1.0035266,0.8164813,0.11994006,0.0074051023
583,1.2702173,0.83836114,0.15717374,0.021879852
584,1.1282659,0.85330516,0.16996373,0.014944017
585,0.98278874,0.8634785,0.17138574,0.010173321
586,0.97489387,0.875018,0.17069334,0.011539519
587,0.97695965,0.8834675,0.17138094,0.008449495
588,0.8314695,0.88636744,0.16990608,0.0028999448
589,1.0715576,0.913322,0.15269703,0.026954532
590,1.0950918,0.9418914,0.12730493,0.0285694
591,1.180447,0.96388566,0.12868245,0.021994293
592,1.0031673,0.96899474,0.12808082,0.0051090717
593,0.87745786,0.9701211,0.1271203,0.001126349
594,0.8968557,0.97240764,0.12526503,0.0022865534
595,0.96998924,0.97894955,0.12129292,0.006541908
596,1.003242,0.98721945,0.11671815,0.008269906
597,0.9659572,0.995323,0.1086683,0.0081035495
598,1.0480825,1.0044835,0.104744084,0.009160459
599,1.0098469,1.0074409,0.103977725,0.0029574633
600,0.907809,1.0070391,0.104365185,0.00040185452
601,0.86573535,1.003168,0.10822387,0.0038710833
602,0.89030665,0.9975071,0.11112637,0.0056608915
603,0.9184898,0.9799207,0.09185789,0.01758641
604,0.9254051,0.9697777,0.08560239,0.010142982
605,1.024039,0.9718402,0.086425364,0.0020624995
606,1.0436243,0.97527665,0.08790694,0.0034364462
607,0.87958544,0.97040796,0.09046804,0.004868686
608,0.9979467,0.9787318,0.08447161,0.008323848
609,0.9999288,0.9751504,0.08180521,0.0035814047
610,0.830653,0.9619285,0.08276374,0.01322192
611,0.8128616,0.94354916,0.071767725,0.01837933
612,0.89489883,0.93813574,0.07111442,0.005413413
613,1.1902978,0.9537778,0.089177065,0.015642047
614,0.8914769,0.95350885,0.089365676,0.00026893616
615,0.8778618,0.9489024,0.09083378,0.0046064258
616,0.7805715,0.93776894,0.097243086,0.011133492
617,1.0442702,0.94168454,0.09997617,0.003915608
618,1.0755552,0.9430582,0.10168903,0.0013736486
619,1.1696209,0.95104694,0.11287302,0.007988751
620,1.1530043,0.9633066,0.12095612,0.012259662
621,1.0392765,0.97198373,0.11980746,0.008677125
622,1.0371757,0.9793272,0.11903627,0.007343471
623,1.0043067,0.98361796,0.118272126,0.0042907596
624,0.94849706,0.98477256,0.11778564,0.0011546016
625,0.9230558,0.97972345,0.11817759,0.0050491095
626,0.9046406,0.9727742,0.11830852,0.006949246
627,0.9451579,0.9760529,0.116484635,0.0032786727
628,0.8571626,0.9690137,0.11931147,0.0070391893
629,0.8681966,0.962427,0.12113715,0.006586671
630,1.0121318,0.971501,0.11748894,0.009073973
631,0.9034474,0.97603035,0.11269987,0.004529357
632,0.8526439,0.9739176,0.11467954,0.0021127462
633,1.0637888,0.9675921,0.10521475,0.0063254833
634,1.140096,0.9800231,0.11031205,0.012430966
635,1.0608532,0.98917264,0.108973324,0.009149551
636,0.99578667,0.99993336,0.09729011,0.010760725
637,1.0008919,0.99776447,0.0967316,0.0021688938
638,1.078807,0.99792707,0.09687187,0.00016260147
639,1.2303329,1.0009626,0.103274904,0.0030355453
640,1.1999713,1.0033109,0.10736703,0.0023483038
641,1.1243764,1.007566,0.110507704,0.0042550564
642,1.3627765,1.023846,0.13611607,0.016280055
643,1.1838701,1.0328243,0.1406073,0.008978248
644,1.0641617,1.0386074,0.1393292,0.005783081
645,1.0604215,1.0454757,0.13669407,0.0068683624
646,1.2136004,1.0609238,0.1373966,0.015448093
647,1.2729397,1.0773128,0.14232203,0.016389012
648,1.0301632,1.0859629,0.13320269,0.0086500645
649,0.9139011,1.088248,0.12961376,0.0022851229
650,0.9170132,1.083492,0.13421705,0.004755974
651,0.95191646,1.0859156,0.13119867,0.0024235249
652,1.010325,1.0937997,0.12076594,0.007884145
653,0.9051542,1.0858679,0.12784284,0.0079318285
654,1.0247,1.0800982,0.12787062,0.0057697296
655,0.9709957,1.0756052,0.13014087,0.004492998
656,0.85885626,1.0687587,0.1379298,0.006846428
657,1.0136672,1.0693974,0.1376282,0.0006387234
658,0.85510826,1.0582125,0.14567776,0.011184931
659,0.8430259,1.0388472,0.14732666,0.01936531
660,0.860907,1.021894,0.14731835,0.01695323
661,0.93554133,1.0124522,0.14645323,0.009441733
662,0.80160934,0.9843939,0.12845327,0.02805835
663,0.89675105,0.97003794,0.12080286,0.0143559575
664,1.1063056,0.9721451,0.122880794,0.0021071434
665,0.947449,0.96649647,0.1211943,0.005648613
666,1.0200491,0.95681894,0.10736254,0.009677529
667,1.100277,0.9481858,0.08527505,0.008633137
668,0.9416547,0.9437604,0.08306482,0.0044254065
669,0.8453934,0.940335,0.0857307,0.0034254193
670,0.88589656,0.9387792,0.08645551,0.0015558004
671,0.88159615,0.93526316,0.08731872,0.0035160184
672,0.98850787,0.9341723,0.08646372,0.0010908842
673,0.98298705,0.9380639,0.086839676,0.0038916469
674,1.1078141,0.9422196,0.092975765,0.0041556954
675,1.0166495,0.94450235,0.094270855,0.0022827387
676,0.96088713,0.94960386,0.092128515,0.005101502
677,0.7941029,0.93862563,0.09704356,0.010978222
678,0.9696672,0.9443536,0.09521826,0.0057279468
679,1.197399,0.96207225,0.10754424,0.017718673
680,1.0276324,0.97040856,0.10573636,0.008336306
681,1.1743593,0.9823494,0.11469683,0.011940837
682,0.887386,0.98663825,0.10904732,0.004288852
683,1.4412768,1.0138645,0.14684868,0.02722627
684,0.9649574,1.0067971,0.1455613,0.007067442
685,1.12737,1.0157931,0.14725037,0.00899601
686,1.0927985,1.0194306,0.14825615,0.0036375523
687,0.9492404,1.0118787,0.14776722,0.0075519085
688,0.73559064,1.0015757,0.15962924,0.0103030205
689,0.7190187,0.9952569,0.1683973,0.0063188076
690,0.64815235,0.98336965,0.18417543,0.011887252
691,0.7715681,0.97786826,0.18895668,0.0055013895
692,0.61956525,0.95942116,0.20517641,0.018447101
693,0.8193686,0.95124024,0.20743681,0.008180916
694,0.7998338,0.9358412,0.2066317,0.015399039
695,0.7340638,0.9217119,0.21044165,0.014129281
696,0.7993921,0.91363716,0.21195225,0.00807476
697,0.80408263,0.9141361,0.2116676,0.0004989505
698,0.79757583,0.9055316,0.21278629,0.0086045265
699,0.83387285,0.8873552,0.20178452,0.018176377
700,0.8633276,0.87914,0.19909965,0.008215189
701,0.8206206,0.86145306,0.18682757,0.017686963
702,0.83316666,0.8587421,0.18682483,0.0027109385
703,0.8600854,0.8296825,0.1270998,0.029059589
704,0.78522086,0.8206957,0.12332993,0.008986831
705,0.77954566,0.8033045,0.10015522,0.017391205
706,0.7748511,0.78740716,0.0734627,0.015897334
707,0.8107351,0.7804819,0.06321792,0.006925285
708,0.7425841,0.7808316,0.06297543,0.00034970045
709,0.634076,0.77658445,0.0698524,0.004247129
710,0.8432885,0.78634125,0.06438311,0.0097568035
711,0.7886308,0.7871944,0.06429003,0.0008531213
712,0.7939616,0.7959142,0.050760806,0.008719802
713,0.6568714,0.7877893,0.05912478,0.008124888
714,0.6812897,0.78186214,0.06362452,0.0059271455
715,0.69616777,0.7799673,0.06565482,0.0018948317
716,0.87695855,0.7838456,0.06906507,0.0038782954
717,0.80495507,0.78388923,0.0690788,0.0000436306
718,0.8294029,0.7854806,0.06977379,0.0015913844
719,0.8562918,0.78660154,0.0707652,0.001120925
720,0.78075516,0.78247297,0.06842319,0.0041285753
721,0.8588191,0.7843829,0.07005767,0.0019099116
722,0.7610383,0.78077644,0.069266245,0.0036064386
723,0.7962114,0.77758276,0.06684734,0.0031936765
724,0.9074638,0.78369486,0.072897315,0.0061120987
725,0.80552405,0.78499377,0.07305078,0.0012989044
726,0.7318953,0.78284603,0.07399012,0.0021477342
727,0.7832373,0.78147113,0.07369952,0.0013749003
728,0.697549,0.7792194,0.07561331,0.0022517443
729,0.79615486,0.78732336,0.06748755,0.008103967
730,0.8541185,0.7878648,0.068001725,0.0005414486
731,0.7190062,0.7843836,0.06972087,0.0034812093
732,0.5005673,0.7697139,0.094176464,0.014669716
733,0.7372022,0.7737304,0.09076165,0.0040165186
734,0.8006084,0.77969635,0.08825237,0.005965948
735,0.8324226,0.7865091,0.086710624,0.0068127513
736,0.9037452,0.7878484,0.088372186,0.0013393164
737,0.8960625,0.7924038,0.09159,0.004555404
738,1.1679085,0.80932903,0.124243274,0.016925216
739,0.98227865,0.8156284,0.12981847,0.0062993765
740,0.7785363,0.81551754,0.12985079,0.00011086464
741,0.9716959,0.82116127,0.13421172,0.0056437254
742,1.0436808,0.8352935,0.14219125,0.014132202
743,0.97731924,0.8443488,0.14530414,0.009055316
744,0.91851914,0.84490156,0.14557765,0.0005527735
745,0.9296545,0.8511082,0.14645392,0.0062066317
746,0.8849411,0.8587605,0.14387277,0.0076522827
747,0.97628,0.8684126,0.14501034,0.009652138
748,0.89627725,0.87834895,0.13938576,0.009936333
749,0.79049855,0.8780662,0.13956693,0.00028276443
750,0.8269906,0.87670976,0.13994323,0.0013564229
751,0.84969467,0.88324416,0.13516138,0.0065343976
752,0.85238457,0.90083504,0.1014177,0.01759088
753,0.9111578,0.90953285,0.09382045,0.008697808
754,0.81631666,0.9103182,0.092922054,0.0007853508
755,0.8407993,0.91073704,0.092570685,0.00041884184
756,0.8618387,0.9086417,0.09320934,0.0020953417
757,0.9923995,0.91345865,0.09499716,0.0048169494
758,1.0021325,0.9051698,0.07719045,0.00828886
759,0.8982112,0.90096647,0.075029194,0.0042033195
760,0.87239873,0.9056595,0.06971547,0.0046930313
761,1.0192534,0.90803736,0.07282798,0.0023778677
762,0.8914342,0.9004251,0.06549084,0.007612288
763,0.79754955,0.8914366,0.066707045,0.0089885
764,1.3623614,0.9136287,0.124759495,0.02219212
765,1.0789566,0.9210938,0.13012052,0.007465124
766,1.1430194,0.93399775,0.13885042,0.012903929
767,1.0632626,0.93834686,0.14157994,0.0043491125
768,0.831252,0.9350956,0.14333266,0.0032512546
769,0.865683,0.9388548,0.1402944,0.0037592053
770,0.89066607,0.94203866,0.13833098,0.0031838417
771,0.91890705,0.94549924,0.136756,0.003460586
772,1.3413701,0.9699485,0.16082516,0.02444923
773,1.2366647,0.9862238,0.17072807,0.016275346
774,1.0444543,0.9976307,0.16634355,0.0114068985
775,0.919733,1.0015774,0.16333592,0.003946662
776,1.0225341,1.0096122,0.1600189,0.008034825
777,1.0797176,1.0139781,0.16071424,0.004365921
778,2.0322843,1.0654857,0.2785771,0.051507592
779,1.199524,1.0805514,0.27719885,0.01506567
780,1.0597811,1.0899204,0.27292693,0.009369016
781,1.2293509,1.1004254,0.2741046,0.010504961
782,1.0287255,1.1072899,0.27028778,0.0068645477
783,1.2426019,1.1295425,0.26162657,0.02225256
784,1.5048639,1.1366676,0.270104,0.0071251392
785,1.4643036,1.155935,0.27935615,0.01926744
786,1.7190343,1.1847357,0.30634362,0.028800607
787,1.8759305,1.2253691,0.34128663,0.04063344
788,1.9284043,1.2802267,0.3621426,0.05485761
789,1.6438328,1.3191342,0.3570261,0.038907528
790,2.2399895,1.3866004,0.3970444,0.06746614
791,1.3913952,1.4102248,0.38150427,0.02362442
792,1.2026641,1.4032896,0.38407394,0.006935239
793,1.098215,1.396367,0.3884579,0.0069226027
794,1.4817115,1.4182298,0.379818,0.021862864
795,1.0299389,1.4237401,0.3729425,0.00551033
796,1.3049905,1.437863,0.36214146,0.014122844
797,1.0894878,1.4383514,0.36163914,0.00048840046
798,1.1756841,1.3955214,0.33751604,0.04282999
799,0.9408565,1.3825881,0.35014164,0.012933254
800,0.7915155,1.3691748,0.36784923,0.01341331
801,1.0605098,1.3607328,0.37312663,0.008442044
802,0.86641157,1.352617,0.38237855,0.008115768
803,0.7313267,1.3270533,0.40645334,0.025563717
804,0.6398581,1.283803,0.4317706,0.043250322
805,0.92644006,1.2569098,0.4366592,0.026893139
806,0.7205747,1.2069869,0.43811822,0.049922943
807,0.7443158,1.1504061,0.41987187,0.056580782
808,0.7025129,1.0891116,0.38863742,0.061294556
809,0.71219975,1.0425298,0.3742144,0.046581745
810,0.6882907,0.96494496,0.25462866,0.07758486
811,1.194229,0.9550866,0.240684,0.00985837
812,0.79493356,0.93470013,0.23582879,0.020386457
813,0.68516076,0.9140474,0.2388229,0.020652711
814,0.63602436,0.87176305,0.20557828,0.04228437
815,0.5271639,0.84662426,0.21570887,0.025138795
816,0.6390288,0.81332624,0.19124207,0.033298016
817,0.72923493,0.7953136,0.1805276,0.018012643
818,0.6850867,0.7707837,0.15805529,0.024529874
819,0.7291264,0.7601972,0.15307671,0.0105865
820,0.6673269,0.7539878,0.15425374,0.006209433
821,0.8573133,0.74382794,0.13893315,0.01015985
822,0.7364422,0.7373295,0.13590422,0.006498456
823,0.7237124,0.7369488,0.1359326,0.00038069487
824,0.6906969,0.7394907,0.13448912,0.0025418997
825,0.7343507,0.72988623,0.12709105,0.009604454
826,0.7824827,0.7329816,0.1276052,0.0030953884
827,0.6701723,0.72927445,0.12833351,0.0037071705
828,0.77787054,0.73304236,0.12861238,0.0037679076
829,0.6743669,0.7311507,0.1292119,0.0018916726
830,0.7287243,0.73317236,0.12882173,0.0020216703
831,0.61450934,0.7041864,0.072551146,0.028985977
832,0.7310111,0.70099026,0.069694795,0.0031961203
833,0.6796921,0.70071685,0.06977085,0.0002734065
834,0.7154585,0.70468855,0.068136156,0.003971696
835,0.6054675,0.70860374,0.05904121,0.0039151907
836,0.70633304,0.71196896,0.05674014,0.0033652186
837,0.92493874,0.72175413,0.0740954,0.009785175
838,0.72474366,0.72373694,0.07359142,0.001982808
839,0.6977565,0.7221685,0.0738045,0.0015684366
840,0.7902269,0.7283135,0.07411375,0.0061450005
841,0.67240196,0.71906793,0.06849497,0.0092455745
842,0.78010136,0.7212509,0.069761835,0.0021829605
843,0.61189884,0.7156602,0.07391113,0.0055906773
844,0.6934317,0.71579695,0.07386503,0.00013673306
845,0.6907766,0.7136182,0.07393157,0.0021787286
846,0.786039,0.713796,0.07410998,0.00017780066
847,0.79024726,0.7197998,0.075244986,0.006003797
848,0.8206743,0.72194,0.07755683,0.0021401644
849,0.7599011,0.7262167,0.0771527,0.004276693
850,0.6751541,0.72353816,0.07798645,0.0026785135
851,0.7057801,0.72810173,0.073830314,0.00456357
852,0.9729253,0.7401974,0.09193,0.01209569
853,1.1141329,0.76191944,0.122967966,0.021722019
854,1.0572298,0.77900803,0.13888854,0.017088592
855,0.82632256,0.7900508,0.13302037,0.011042774
856,0.83194214,0.7963312,0.13181952,0.006280422
857,0.8691149,0.79354006,0.12952404,0.0027911663
858,0.57969975,0.78628784,0.1373999,0.0072522163
859,0.84727824,0.79376394,0.13639341,0.0074760914
860,0.8090725,0.7947062,0.13643278,0.00094228983
861,0.9356755,0.8078699,0.13671187,0.013163686
862,0.8034937,0.8090395,0.13656177,0.0011695623
863,0.7575336,0.81632125,0.12917984,0.0072817802
864,0.8197229,0.8226358,0.12590168,0.0063145757
865,1.0689995,0.8415469,0.13324474,0.018911064
866,0.9339639,0.84894323,0.13410418,0.0073963404
867,1.1011401,0.8644878,0.14455377,0.015544593
868,1.2678063,0.88684446,0.16979396,0.02235663
869,0.8268522,0.89019203,0.16780788,0.0033475757
870,0.7782131,0.8953449,0.16235067,0.005152881
871,0.8093643,0.90052414,0.15756677,0.0051792264
872,0.7526688,0.8895113,0.15991974,0.011012852
873,0.73555696,0.8705826,0.15423721,0.018928707
874,0.8964467,0.8625434,0.14806336,0.008039176
875,0.77460414,0.8599575,0.1491767,0.002585888
876,0.75950545,0.85633564,0.15076357,0.0036218762
877,0.7617677,0.85096824,0.15218878,0.0053673983
878,1.1234987,0.8781582,0.14973088,0.02718997
879,1.2962753,0.90060806,0.1761811,0.022449851
880,1.5723096,0.93876994,0.22980924,0.038161874
881,1.3041533,0.95719385,0.2438874,0.018423915
882,1.3978329,0.9869108,0.25986,0.029716969
883,1.685393,1.0333037,0.29693472,0.046392918
884,1.1400496,1.04932,0.2934264,0.016016245
885,1.1983979,1.05579,0.29530373,0.006469965
886,1.0107175,1.0596277,0.2941336,0.0038377047
887,0.90624905,1.0498831,0.2959089,0.009744525
888,0.9060026,1.0317929,0.29292947,0.018090248
889,0.7783754,1.0293691,0.29490834,0.0024237633
890,0.75023454,1.0279701,0.29622588,0.0013990402
891,1.08892,1.041948,0.29193226,0.013977885
892,0.87814283,1.0482217,0.28668952,0.0062737465
893,1.0725211,1.0650699,0.27708834,0.016848207
894,0.6917478,1.054835,0.28723925,0.010234952
895,0.7807839,1.055144,0.2869251,0.00030899048
896,0.7791472,1.056126,0.28589168,0.0009820461
897,0.6770271,1.051889,0.29106492,0.004237056
898,0.64468133,1.0279481,0.30425784,0.023940802
899,0.67357427,0.996813,0.30720106,0.031135142
900,0.7178499,0.95409,0.28127494,0.042723
901,0.6646797,0.9221164,0.27567756,0.0319736
902,0.6563695,0.88504326,0.25759932,0.037073135
903,0.6718511,0.83436614,0.17981258,0.05067712
904,0.58661145,0.8066942,0.17274015,0.027671933
905,0.5716404,0.77535635,0.15374643,0.031337857
906,0.6363238,0.7566367,0.14618804,0.018719673
907,0.7369256,0.7481705,0.14190787,0.008466184
908,0.7360332,0.739672,0.13696156,0.00849849
909,0.6128614,0.7313963,0.13947725,0.008275688
910,0.79386383,0.7335778,0.14012706,0.0021814704
911,0.5810321,0.7081834,0.11634361,0.02539438
912,0.6304299,0.69579774,0.11032778,0.012385666
913,0.63015395,0.67367935,0.066442035,0.02211839
914,0.77413476,0.6777987,0.07007582,0.0041193366
915,0.7520067,0.67635983,0.06811803,0.0014388561
916,0.749845,0.67489475,0.06607538,0.0014650822
917,0.9686028,0.6894735,0.093178436,0.01457876
918,0.7430419,0.6943916,0.093285546,0.0049180984
919,0.6972302,0.6955744,0.09315759,0.0011827946
920,0.80752033,0.70005786,0.09638794,0.0044834614
921,0.70950186,0.702299,0.09604253,0.0022411346
922,0.8860952,0.7137853,0.103692874,0.011486292
923,0.762012,0.7182933,0.103733696,0.0045080185
924,0.6188776,0.7199066,0.10181103,0.0016133189
925,0.6451425,0.72358173,0.09740877,0.0036751032
926,0.6623199,0.72488153,0.096350834,0.0012997985
927,0.7333364,0.72470206,0.09633056,0.00017946959
928,0.69451445,0.72262615,0.0965207,0.0020759106
929,0.75986576,0.72997636,0.09326438,0.0073502064
930,0.75081605,0.727824,0.09220306,0.0021523833
931,0.93633026,0.7455889,0.096557006,0.017764926
932,0.7637798,0.7522564,0.092714064,0.006667495
933,0.7315924,0.75732833,0.08835502,0.005071938
934,0.82910454,0.7600768,0.08974932,0.0027484894
935,0.8120364,0.7630783,0.09046615,0.0030014515
936,0.81726557,0.76644933,0.09120025,0.00337106
937,1.120712,0.77405477,0.11274364,0.0076054335
938,0.9634397,0.78507465,0.12008496,0.011019886
939,1.3601648,0.8182214,0.17396693,0.03314674
940,1.1822428,0.83695745,0.19199802,0.018736064
941,1.1966453,0.86131465,0.20540929,0.0243572
942,1.2546636,0.8797431,0.22348715,0.018428445
943,1.3122613,0.90725553,0.24138378,0.027512431
944,1.1692637,0.9347749,0.23812829,0.027519345
945,1.0280321,0.9539193,0.22882725,0.019144416
946,0.86455876,0.96403134,0.21954335,0.010112047
947,1.2940054,0.9920648,0.22428033,0.028033435
948,1.088602,1.011769,0.21383093,0.019704282
949,1.3426756,1.0409095,0.21737793,0.029140472
950,1.3334548,1.0700415,0.21548784,0.029132009
951,0.9586783,1.071159,0.21481489,0.0011174679
952,0.88104516,1.0770222,0.20745793,0.0058631897
953,0.90306234,1.0855957,0.1956376,0.008573532
954,0.84196436,1.0862386,0.19476944,0.0006428957
955,1.0901866,1.1001462,0.18378016,0.013907552
956,0.9146196,1.105014,0.1770597,0.004867792
957,0.99216413,1.0985864,0.17878464,0.0064275265
958,1.0000079,1.100415,0.17751223,0.0018285513
959,0.92001486,1.0784074,0.17077053,0.022007585
960,0.6928426,1.0539374,0.1891799,0.024469972
961,0.88725054,1.0384676,0.18954578,0.0154697895
962,1.0413499,1.027802,0.18261506,0.010665655
963,0.88793796,1.0065858,0.17217788,0.021216154
964,0.75453585,0.9858495,0.17647488,0.020736337
965,0.74948585,0.9719221,0.1838096,0.0139274
966,0.7856411,0.9679763,0.18705413,0.0039458275
967,0.8543944,0.9459957,0.1719453,0.021980584
968,0.9524258,0.9391869,0.168666,0.0068088174
969,0.96230084,0.9201681,0.13973905,0.01901877
970,0.7730471,0.8921477,0.104163066,0.028020382
971,0.8758512,0.8880064,0.10301895,0.0041413307
972,0.6957098,0.87873966,0.11165201,0.009266734
973,0.7214883,0.869661,0.11683213,0.0090786815
974,0.74019635,0.8645725,0.12026753,0.0050884485
975,0.79997075,0.8500617,0.108550675,0.01451081
976,0.7728875,0.84297514,0.10874051,0.007086575
977,0.91828746,0.83928126,0.10458116,0.0036938787
978,0.76225466,0.82739365,0.09869702,0.01188761
979,0.9054879,0.8266673,0.09803071,0.0007263422
980,0.8598251,0.8350164,0.09301574,0.008349121
981,0.882553,0.8347815,0.09288274,0.0002349019
982,0.7154478,0.8184864,0.08277309,0.016295135
983,0.9769264,0.8229359,0.088870116,0.0044494867
984,0.90492815,0.8304555,0.08914014,0.007519603
985,0.7185082,0.82890666,0.09087338,0.0015488267
986,0.874479,0.83334845,0.09081844,0.0044417977
987,1.0246432,0.84186095,0.100371234,0.008512497
988,0.8644593,0.8374626,0.097146794,0.004398346
989,0.8558557,0.8321403,0.09276447,0.0053222775
990,0.9371557,0.84034574,0.09450406,0.008205414
991,1.0740874,0.8502576,0.10787394,0.009911835
992,0.89066833,0.8600055,0.101811625,0.009747922
993,0.90410566,0.86913633,0.09680063,0.0091308355
994,0.9971492,0.88198406,0.09583357,0.012847722
995,0.9003142,0.8870012,0.09392152,0.0050171614
996,0.9156491,0.8941393,0.09014127,0.0071380734
997,0.9712612,0.89678794,0.09165377,0.0026486516
998,0.80879116,0.8991148,0.088598385,0.0023268461
999,0.7666572,0.8921733,0.09338222,0.0069414973
1000,0.781673,0.8882656,0.09639366,0.0039076805
1001,0.769923,0.88263416,0.09996871,0.005631447
1002,0.8524106,0.8894823,0.09231107,0.0068481565
1003,1.1378144,0.8975266,0.10628498,0.008044302
1004,1.1117754,0.90786904,0.11660593,0.010342419
1005,0.8167042,0.91277885,0.110098824,0.0049098134
1006,0.7761444,0.90786207,0.1140249,0.004916787
1007,0.65951854,0.8896059,0.12320347,0.018256187
1008,0.7768948,0.8852277,0.1256752,0.0043781996
1009,0.72782123,0.87882596,0.13042144,0.0064017177
1010,0.7803309,0.8709847,0.1314403,0.007841289
1011,0.79502845,0.8570317,0.12330524,0.0139529705
1012,1.0272177,0.8638592,0.12891838,0.0068274736
1013,0.73839986,0.85557395,0.13149473,0.008285224
1014,0.7641271,0.8439228,0.1285814,0.011651158
1015,0.7725916,0.8375367,0.1288048,0.0063861012
1016,0.79673296,0.83159083,0.12774959,0.0059458613
1017,0.99139625,0.8325976,0.12898162,0.001006782
1018,0.9637823,0.8403472,0.13209455,0.0077495575
1019,0.96796525,0.85041255,0.13384208,0.010065377
1020,1.0677202,0.864715,0.14119168,0.014302433
1021,1.0248461,0.87746114,0.14366882,0.012746155
1022,1.1999884,0.89483994,0.16051391,0.017378807
1023,1.206451,0.89827186,0.16660053,0.0034319162
1024,1.1108557,0.8982259,0.16653861,0.00004595518
1025,1.05695,0.91023815,0.16899528,0.012012243
1026,0.8817299,0.91551745,0.16621211,0.0052793026
1027,1.086016,0.93684226,0.15883495,0.021324813
1028,0.882469,0.942121,0.15494621,0.005278766
1029,0.80740833,0.94610035,0.15009902,0.0039793253
1030,0.8769685,0.9509322,0.14598078,0.0048318505
1031,0.7638621,0.9493739,0.14788653,0.0015583038
1032,0.7060345,0.9333147,0.15619397,0.01605922
1033,0.677748,0.9302821,0.16070129,0.0030325651
1034,0.7936651,0.93175906,0.15922283,0.0014769435
1035,0.66443264,0.9263511,0.16658022,0.005407989
1036,0.67787904,0.9204084,0.17342702,0.0059426427
1037,0.6644553,0.90406144,0.18159959,0.016346991
1038,0.82907903,0.8973262,0.18176596,0.0067352653
1039,0.9244151,0.89514863,0.18113494,0.0021775365
1040,0.95686644,0.889606,0.17723033,0.005542636
1041,0.84958225,0.8808428,0.1745034,0.008763194
1042,0.79282117,0.8604845,0.15831049,0.020358324
1043,0.79504395,0.83991414,0.1361711,0.020570338
1044,0.66731125,0.8177369,0.12541607,0.02217722
1045,0.75549525,0.80266416,0.112615325,0.015072763
1046,0.6027965,0.78871745,0.11937722,0.013946712
1047,0.64595187,0.7667143,0.10080733,0.022003174
1048,0.5427594,0.7497288,0.10859551,0.016985476
1049,0.6307736,0.74089706,0.11081757,0.008831739
1050,0.6611647,0.7301069,0.10732228,0.010790169
1051,0.6363424,0.7237309,0.1089864,0.0063759685
1052,0.57309616,0.717084,0.114058316,0.006646931
1053,0.71049094,0.7187211,0.11369841,0.0016371012
1054,0.74010026,0.7160429,0.11246432,0.0026782155
1055,0.7669828,0.72117037,0.11232511,0.0051274896
1056,0.61767614,0.7181603,0.11433501,0.0030100942
1057,0.7940943,0.72464216,0.11480391,0.006481886
1058,0.6106784,0.7137221,0.11473415,0.010920048
1059,0.68507427,0.7017551,0.10353732,0.011967003
1060,0.7511052,0.69146705,0.08550663,0.01028806
1061,0.89269006,0.69362247,0.09012088,0.0021554232
1062,0.7861287,0.6932878,0.08974481,0.00033468008
1063,0.6790673,0.687489,0.0865125,0.0057988167
1064,0.7952955,0.6938882,0.08961906,0.0063992143
1065,0.6859388,0.6904104,0.08844439,0.0034778118
1066,0.59757566,0.6901493,0.08872386,0.00026106834
1067,0.6487356,0.6902885,0.08865303,0.00013917685
1068,0.5999684,0.693149,0.08446646,0.0028604865
1069,0.6230291,0.6927617,0.08478461,0.00038725138
1070,0.62263316,0.6908351,0.08596988,0.0019266009
1071,0.6664274,0.6923394,0.08522621,0.001504302
1072,0.8019319,0.7037812,0.08372257,0.011441767
1073,0.6408368,0.7002985,0.08486965,0.0034826994
1074,0.61854106,0.69422054,0.08621135,0.006077945
1075,0.65944797,0.6888438,0.08477591,0.005376756
1076,0.6556582,0.69074285,0.083513774,0.0018990636
1077,0.6989171,0.685984,0.07995026,0.004758835
1078,0.5535612,0.6831282,0.08371335,0.0028558373
1079,0.6177069,0.6797598,0.08497672,0.0033683777
1080,0.8472887,0.684569,0.09168396,0.0048092008
1081,0.74800736,0.67733485,0.07926518,0.007234156
1082,0.65903807,0.67098033,0.075067505,0.006354511
1083,0.756423,0.6748481,0.0774608,0.0038677454
1084,0.661664,0.6681665,0.072102524,0.0066815615
1085,0.608646,0.6643019,0.07316342,0.003864646
1086,0.67687523,0.6682669,0.07148652,0.00396502
1087,0.74972934,0.67331654,0.07357088,0.005049646
1088,0.69737035,0.67818666,0.07165894,0.0048701167
1089,0.6464975,0.67936003,0.07089629,0.001173377
1090,0.57631564,0.6770442,0.07355354,0.0023158193
1091,0.5599709,0.67172134,0.07807524,0.0053228736
1092,0.63508964,0.66337925,0.07211628,0.008342087
1093,0.6335115,0.663013,0.07225526,0.00036627054
1094,0.64842236,0.66450703,0.071593195,0.00149405
1095,0.8848261,0.67577595,0.08686386,0.011268914
1096,0.8111444,0.68355024,0.09178704,0.0077742934
1097,0.8998989,0.69359934,0.1037769,0.010049105
1098,0.93794155,0.7128184,0.11176297,0.01921904
1099,0.9493184,0.72939897,0.12111674,0.016580582
1100,0.8019969,0.72713435,0.119204804,0.0022646189
1101,0.82012886,0.7307404,0.12094761,0.003606081
1102,0.79897946,0.73773754,0.120628685,0.0069971085
1103,0.75599635,0.73771614,0.12062524,0.000021398067
1104,0.9715106,0.7532085,0.12988542,0.01549238
1105,0.97176856,0.7713646,0.13393076,0.018156111
1106,0.9208813,0.7835649,0.13596855,0.012200296
1107,0.80615515,0.7863862,0.13581485,0.0028212667
1108,0.947779,0.7989067,0.13868867,0.012520492
1109,0.7754759,0.80535555,0.13415329,0.006448865
1110,0.7972803,0.81640375,0.12292695,0.011048198
1111,0.7553326,0.8261719,0.10837878,0.009768128
1112,0.7496856,0.83190167,0.1004868,0.0057297945
1113,0.87561756,0.844007,0.08928841,0.012105346
1114,0.95431244,0.85930145,0.07970719,0.015294433
1115,0.79478353,0.8547994,0.08072604,0.004502058
1116,0.7637212,0.85242826,0.08274698,0.0023711324
1117,0.958992,0.8553828,0.085539155,0.0029545426
1118,0.85237026,0.85110426,0.08330318,0.0042785406
1119,0.88699174,0.84798795,0.08055618,0.0031163096
1120,0.82654285,0.8492152,0.0800037,0.0012272596
1121,0.82001305,0.8492095,0.08000592,0.000005722046
1122,0.9854149,0.8585313,0.08457602,0.009321809
1123,0.9542611,0.86844444,0.0835383,0.0099131465
1124,0.8922527,0.86448157,0.08020514,0.0039628744
1125,1.0070055,0.8662435,0.08302343,0.0017619133
1126,0.995985,0.86999863,0.08721735,0.0037551522
1127,0.85698473,0.8725401,0.08599102,0.0025414824
1128,0.9878631,0.8745443,0.08827374,0.0020042062
1129,1.0554131,0.8885411,0.093761615,0.01399678
1130,1.013564,0.8993553,0.09514443,0.01081419
1131,0.94189805,0.9086836,0.089243546,0.009328306
1132,0.9708622,0.91974247,0.08190612,0.011058867
1133,0.9183677,0.92187995,0.08124918,0.0021374822
1134,0.9028429,0.91930646,0.08098253,0.0025734901
1135,0.9336233,0.92624843,0.07551243,0.006941974
1136,0.8643442,0.93127966,0.06698437,0.005031228
1137,0.88924694,0.9277924,0.06728054,0.003487289
1138,0.7909811,0.92472285,0.07212823,0.00306952
1139,0.92590266,0.92666847,0.07157962,0.0019456148
1140,0.8389788,0.92729026,0.070712835,0.00062179565
1141,0.9265156,0.9326154,0.066066496,0.0053251386
1142,0.8362177,0.9251555,0.06818033,0.007459879
1143,0.8885413,0.9218696,0.06828736,0.0032859445
1144,0.77610654,0.91606224,0.0754967,0.00580734
1145,0.83778495,0.9076012,0.074240066,0.008461058
1146,0.76354027,0.8959789,0.0777853,0.01162225
1147,0.84793,0.89552623,0.07805011,0.00045269728
1148,0.9457608,0.89342105,0.0759686,0.0021051764
1149,0.9451167,0.88790625,0.06707266,0.0055148005
1150,0.81836283,0.8781463,0.061822046,0.009759963
1151,0.8997768,0.87604016,0.06023298,0.0021061301
1152,0.950577,0.8750259,0.058703613,0.0010142326
1153,0.9627743,0.8772462,0.06121525,0.002220273
1154,0.9776919,0.8809887,0.06503151,0.003742516
1155,1.0178269,0.8851989,0.07106433,0.004210174
1156,1.1198802,0.8979756,0.088057436,0.012776732
1157,1.0866982,0.90784824,0.09758094,0.009872615
1158,0.9763423,0.9171163,0.0946557,0.009268045
1159,1.2679048,0.9342164,0.12298083,0.017100096
1160,1.2155588,0.95304537,0.13579282,0.018828988
1161,1.1027803,0.96185863,0.13964568,0.008813262
1162,1.0010326,0.97009933,0.13667251,0.0082407
1163,0.96661055,0.97400284,0.13532881,0.0039035082
1164,1.128735,0.99163425,0.13109371,0.017631412
1165,0.91781706,0.99563587,0.12731741,0.0040016174
1166,0.90951705,1.0029347,0.11708462,0.007298827
1167,0.89196336,1.0051364,0.11439971,0.0022016764
1168,1.1521899,1.0154579,0.118015885,0.010321498
1169,0.9452307,1.0154636,0.11801231,0.000005722046
1170,1.0366491,1.0263779,0.10853786,0.010914326
1171,0.98447376,1.0306127,0.10493064,0.004234791
1172,0.9906819,1.0326179,0.10369659,0.0020052195
1173,1.0605804,1.0375082,0.10252911,0.0048903227
1174,1.0817674,1.042712,0.10197302,0.005203724
1175,1.0722425,1.0454328,0.10200004,0.0027208328
1176,1.0605881,1.0424682,0.100574054,0.0029646158
1177,0.97110015,1.0366883,0.10121801,0.0057798624
1178,1.0445701,1.0400997,0.100221954,0.0034114122
1179,1.3629928,1.044854,0.11303401,0.004754305
1180,1.1186258,1.0400074,0.107259996,0.004846692
1181,1.0799586,1.0388663,0.10667685,0.0011410713
1182,0.95705914,1.0366676,0.107943304,0.0021986961
1183,1.0885402,1.0427642,0.10721911,0.0060966015
1184,1.1216003,1.0424074,0.10692949,0.0003567934
1185,1.0956864,1.0513009,0.10335896,0.00889349
1186,1.4477502,1.0782125,0.13090035,0.026911616
1187,1.2198352,1.0946062,0.12681448,0.016393661
1188,1.1008588,1.0920396,0.12610517,0.002566576
1189,1.0859103,1.0990736,0.121317975,0.0070340633
1190,1.2054309,1.1075127,0.12261057,0.008439064
1191,1.0837537,1.1124766,0.11933297,0.004963875
1192,1.0999955,1.1179423,0.11591538,0.005465746
1193,0.99354446,1.1145905,0.118599474,0.0033518076
1194,1.4377425,1.1323893,0.13846238,0.017798781
1195,1.1966555,1.1386099,0.13841268,0.006220579
1196,0.99744576,1.1354529,0.14098226,0.0031570196
1197,1.2785224,1.1508238,0.13886298,0.015370965
1198,1.0573933,1.151465,0.13837531,0.00064122677
1199,0.85708064,1.1261694,0.14380683,0.025295615
1200,1.4666204,1.1435692,0.16266249,0.017399788
1201,1.3407961,1.1566111,0.1676734,0.013041854
1202,1.1455096,1.1660336,0.16103278,0.009422541
1203,1.2298965,1.1731014,0.16055393,0.0070677996
1204,0.9579514,1.164919,0.1673433,0.008182406
1205,1.087497,1.1645095,0.16753154,0.0004094839
1206,1.1112847,1.1476862,0.1539338,0.016823292
1207,0.8562847,1.1295087,0.16596094,0.01817751
1208,0.85051435,1.1169915,0.17728968,0.012517214
1209,0.923563,1.1088741,0.18242975,0.008117437
1210,0.9420292,1.0957041,0.18458727,0.013170004
1211,1.0186268,1.0924476,0.18538192,0.0032564402
1212,1.0514433,1.0900201,0.18559566,0.002427578
1213,1.0050839,1.090597,0.18529765,0.00057697296
1214,1.0501761,1.0712187,0.166383,0.019378304
1215,0.97762865,1.0602674,0.16489372,0.010951281
1216,1.0449753,1.0626439,0.16428204,0.0023764372
1217,1.1175699,1.0545962,0.15692794,0.0080477
1218,1.0706861,1.0552609,0.15696856,0.000664711
1219,0.67410845,1.0461123,0.17358014,0.009148598
1220,0.75039285,1.0103009,0.1551646,0.035811424
1221,0.7194924,0.97923577,0.14752103,0.031065106
1222,0.6819947,0.95605993,0.15617965,0.023175836
1223,0.6005027,0.9245903,0.16142087,0.031469643
1224,0.5990382,0.90664464,0.17674059,0.017945647
1225,0.7269494,0.8886172,0.17570767,0.018027425
1226,0.6909743,0.8676017,0.17278515,0.021015525
1227,0.5860315,0.8540891,0.18392523,0.013512611
1228,0.6018348,0.8416551,0.19239059,0.012434006
1229,0.59752786,0.8253533,0.19879146,0.016301751
1230,0.560298,0.8062668,0.20522106,0.01908654
1231,0.5588597,0.7832784,0.20593077,0.022988379
1232,0.5607701,0.7587448,0.20148158,0.02453363
1233,0.54931086,0.7359561,0.19789615,0.022788703
1234,0.575371,0.71221584,0.18636073,0.023740232
1235,0.55170935,0.6909199,0.17860927,0.021295965
1236,0.71224505,0.6742834,0.15822838,0.01663649
1237,0.6791944,0.6523646,0.11911973,0.021918774
1238,0.54737604,0.6261991,0.06956169,0.026165485
1239,0.6759034,0.62628883,0.06962788,0.00008970499
1240,0.54183245,0.6158608,0.065561935,0.010428011
1241,0.5627277,0.6080226,0.061782237,0.007838249
1242,0.6008143,0.60396355,0.059282742,0.0040590167
1243,0.5411052,0.6009937,0.060930166,0.002969861
1244,0.52884144,0.5974838,0.06303423,0.003509879
1245,0.5195543,0.5871141,0.057424553,0.010369718
1246,1.3120992,0.6181704,0.17139992,0.031056285
1247,1.0244831,0.6400929,0.19366628,0.021922529
1248,0.6257643,0.64128935,0.19349131,0.001196444
1249,0.55796945,0.63931143,0.19416322,0.0019779205
1250,0.5241924,0.6375062,0.19510211,0.0018052459
1251,0.52010655,0.6355685,0.19611412,0.0019376874
1252,0.5791243,0.63648623,0.19578835,0.0009177327
1253,0.674599,0.6427506,0.19485442,0.0062643886
1254,0.55039287,0.6415017,0.19538833,0.0012488961
1255,0.51683027,0.63975775,0.19638509,0.0017439723
1256,0.5856065,0.63342583,0.19596602,0.0063319206
1257,0.5401726,0.62647474,0.19672129,0.0069510937
1258,0.5455024,0.62638104,0.19676137,0.0000936985
1259,0.61232626,0.6232022,0.19643249,0.003178835
1260,0.6069003,0.62645566,0.19555074,0.00325346
1261,0.99988204,0.64831334,0.21180834,0.021857679
1262,0.88438636,0.6624919,0.217866,0.014178574
1263,0.81100255,0.6759868,0.21830986,0.013494909
1264,0.7314194,0.6861157,0.21580862,0.010128856
1265,0.7120781,0.6957419,0.21225257,0.00962621
1266,0.6558805,0.66293097,0.15494198,0.032810926
1267,0.808358,0.6521247,0.13460018,0.0108062625
1268,0.739502,0.6578116,0.13582496,0.005686879
1269,0.8130067,0.67056346,0.13791394,0.012751877
1270,0.77673227,0.68319046,0.13534428,0.012627006
1271,0.70946205,0.69265825,0.12984698,0.009467781
1272,0.6529655,0.6963503,0.127477,0.003692031
1273,0.7582285,0.7005318,0.12809607,0.0041815042
1274,0.64584273,0.70530427,0.12391788,0.0047724843
1275,0.70009524,0.71446747,0.1157544,0.009163201
1276,0.6571977,0.718047,0.11262442,0.003579557
1277,0.5973731,0.7209071,0.108521216,0.0028600693
1278,0.663423,0.7268031,0.10146365,0.005896032
1279,0.7237969,0.7323767,0.09784128,0.0055735707
1280,0.734285,0.73874587,0.093283206,0.0063691735
1281,0.5900753,0.7182556,0.07638102,0.020490289
1282,0.7145863,0.70976555,0.065622345,0.008490026
1283,0.7958444,0.7090076,0.064468965,0.00075793266
1284,0.7457758,0.7097255,0.064810656,0.00071787834
1285,0.7235096,0.710297,0.06488287,0.00057148933
1286,0.73716956,0.7143615,0.06383223,0.0040645003
1287,0.90438193,0.7191627,0.07406537,0.0048012137
1288,0.9383662,0.7291059,0.08881887,0.009943187
1289,0.79236585,0.72807384,0.08790791,0.0010320544
1290,0.7350763,0.7259911,0.087184876,0.002082765
1291,0.88903636,0.73496974,0.09434569,0.008978665
1292,1.0071224,0.7526776,0.11006985,0.017707884
1293,0.98770076,0.7641512,0.121993154,0.011473596
1294,0.9396985,0.778844,0.12466094,0.014692783
1295,0.7152491,0.7796017,0.12420232,0.00075769424
1296,0.6630597,0.7798948,0.123904824,0.00029313564
1297,0.80756164,0.7904042,0.11628866,0.010509372
1298,0.8518104,0.79982364,0.11304633,0.009419441
1299,0.7101391,0.7991407,0.11356981,0.00068295
1300,0.8268246,0.8037677,0.11266997,0.0046269894
1301,0.93447936,0.8209879,0.10429873,0.0172202
1302,0.85098773,0.827808,0.101394154,0.0068201423
1303,0.9250276,0.83426714,0.103346705,0.006459117
1304,0.8755994,0.8407583,0.101557665,0.0064911842
1305,0.74634457,0.84190005,0.10029059,0.001141727
1306,0.80440867,0.84526205,0.09768826,0.003362
1307,0.8038536,0.8402356,0.097070545,0.0050264597
1308,0.8077289,0.8337037,0.094480544,0.006531894
1309,0.75625163,0.83189803,0.09565005,0.0018056631
1310,0.7323265,0.8317605,0.0957984,0.00013750792
1311,0.8201307,0.82831526,0.09486464,0.0034452677
1312,0.9107794,0.8234981,0.087464556,0.004817188
1313,0.7049701,0.8093616,0.08221936,0.014136493
1314,0.72922415,0.79883784,0.07802151,0.0105237365
1315,0.81311905,0.8037313,0.0755324,0.0048934817
1316,0.784221,0.80978936,0.06815457,0.0060580373
1317,0.9177915,0.81530094,0.072296105,0.005511582
1318,0.89538443,0.8174796,0.0740886,0.002178669
1319,0.7732384,0.82063454,0.07053537,0.0031549335
1320,0.7962399,0.8191053,0.0707254,0.0015292168
1321,0.7973237,0.8122476,0.06539847,0.006857753
1322,0.81677014,0.8105367,0.06477627,0.0017108917
1323,0.89957345,0.809264,0.062622644,0.0012726784
1324,0.98844594,0.8149063,0.07311829,0.005642295
1325,0.9227874,0.82372844,0.07502997,0.008822143
1326,0.8443546,0.82572573,0.07502029,0.001997292
1327,0.75997704,0.8235319,0.07632378,0.0021938086
1328,0.835166,0.8249038,0.07627135,0.0013718605
1329,0.8882834,0.8315053,0.07572849,0.0066015124
1330,1.1078428,0.8502811,0.094154574,0.01877582
1331,0.96755624,0.8576525,0.09738537,0.007371366
1332,0.9646893,0.8603479,0.09965292,0.0026954412
1333,0.87406856,0.86880285,0.09270771,0.008454919
1334,0.82566524,0.8736249,0.08742313,0.0048220754
1335,0.8024033,0.87308913,0.08784529,0.00053578615
1336,0.7883662,0.8732964,0.0876292,0.00020724535
1337,0.7928994,0.8670518,0.08873456,0.0062446
1338,0.8389447,0.8642298,0.08868354,0.002821982
1339,0.75711006,0.86342335,0.08962284,0.00080645084
1340,0.7747704,0.86234987,0.090593226,0.0010734797
1341,0.73209375,0.8590884,0.0941614,0.003261447
1342,0.8892709,0.86271346,0.09384151,0.0036250353
1343,0.73838353,0.85465395,0.09736489,0.008059502
1344,0.77776355,0.84411985,0.09344601,0.010534108
1345,0.9927819,0.84761953,0.09775852,0.0034996867
1346,0.88488156,0.8496459,0.09810668,0.002026379
1347,0.8229801,0.8527961,0.09606621,0.003150165
1348,0.91615605,0.85684556,0.09698652,0.00404948
1349,0.77381307,0.851122,0.09840095,0.005723536
1350,0.84825945,0.8381429,0.07769903,0.01297915
1351,0.8216733,0.8308487,0.071511865,0.007294178
1352,0.7546394,0.82034624,0.06603567,0.010502458
1353,0.86359787,0.81982267,0.06562758,0.0005235672
1354,0.75368154,0.8162235,0.06724428,0.0035991669
1355,0.76396143,0.8143014,0.068202674,0.0019221306
1356,0.822093,0.81598777,0.067944124,0.0016863942
1357,0.81260884,0.8169732,0.067734234,0.0009854436
1358,0.84910464,0.8174812,0.067945465,0.0005080104
1359,0.79475147,0.8193633,0.066695005,0.0018820763
1360,0.77001506,0.81912553,0.06687059,0.00023776293
1361,0.8145168,0.82324666,0.06368875,0.0041211247
1362,0.89251006,0.8234086,0.06386934,0.00016194582
1363,0.9457644,0.8337777,0.066133,0.010369122
1364,0.7396991,0.8318745,0.068340726,0.0019032359
1365,0.850887,0.8247797,0.05721714,0.0070948005
1366,1.0316359,0.83211744,0.07265731,0.007337749
1367,0.9994371,0.8409403,0.08164691,0.008822858
1368,0.89292324,0.8397786,0.08068,0.0011616945
1369,0.95005476,0.84859073,0.08269548,0.0088121295
1370,1.1010654,0.861231,0.10012626,0.012640297
1371,0.9862303,0.86945885,0.10341184,0.008227825
1372,0.8357685,0.8735153,0.10021256,0.0040564537
1373,1.1902498,0.88984793,0.12262392,0.016332626
1374,1.0908188,0.9067048,0.12604527,0.01685685
1375,1.3076822,0.9338908,0.1499976,0.027186036
1376,1.0356191,0.9445671,0.14921843,0.010676265
1377,1.1381146,0.96084243,0.1517974,0.016275346
1378,0.9760683,0.96719056,0.14951625,0.006348133
1379,0.94128793,0.97451746,0.1441142,0.007326901
1380,0.98556674,0.985295,0.13583791,0.010777533
1381,1.2279932,1.0059688,0.13988265,0.020673811
1382,0.90866005,1.0067763,0.13923834,0.0008075237
1383,0.92222834,1.0055995,0.13987912,0.0011768341
1384,1.0741595,1.0223225,0.12569,0.016723037
1385,1.1310395,1.0363301,0.12110597,0.014007568
1386,1.1677635,1.0431365,0.12460308,0.0068063736
1387,1.2299515,1.0546622,0.13085265,0.01152575
1388,1.1368586,1.066859,0.12627193,0.012196779
1389,1.2288901,1.0808008,0.12807703,0.013941765
1390,1.0214413,1.0768197,0.12865022,0.0039811134
1391,1.1442869,1.0847224,0.12764321,0.007902741
1392,1.5391335,1.1198907,0.15032217,0.03516829
1393,1.23596,1.1221762,0.15178856,0.0022854805
1394,1.0166633,1.1184684,0.153491,0.0037077665
1395,1.0263373,1.1044012,0.1480325,0.014067173
1396,1.0294131,1.1040909,0.14819069,0.00031030178
1397,0.9363548,1.094003,0.1525557,0.010087967
1398,0.8529208,1.0878456,0.15987583,0.006157398
1399,0.93536234,1.0875492,0.16016695,0.0002963543
1400,0.900956,1.0833187,0.16407223,0.0042304993
1401,0.88795453,1.0663167,0.16589935,0.017001987
1402,1.0754738,1.0746574,0.16169599,0.008340716
1403,0.8353624,1.0703142,0.16708277,0.0043432713
1404,0.96342087,1.0647771,0.16877495,0.005537033
1405,0.85334945,1.0508927,0.17436653,0.013884425
1406,0.8607825,1.0355437,0.1770283,0.0153490305
1407,0.7707302,1.0125825,0.18023798,0.02296114
1408,0.6343159,0.9874555,0.19631374,0.025127053
1409,0.7181351,0.9619177,0.19647442,0.025537789
1410,0.7021607,0.94595367,0.2042026,0.015964031
1411,0.66310346,0.92189443,0.20791784,0.024059236
1412,0.64910793,0.87739325,0.15814516,0.044501185
1413,0.96704185,0.8639473,0.13592544,0.013445973
1414,0.9510083,0.86066455,0.13279995,0.0032827258
1415,0.76934487,0.8478149,0.12828223,0.012849629
1416,0.8121182,0.8369502,0.12109279,0.010864735
1417,0.7120586,0.8257354,0.12178648,0.011214793
1418,0.7974217,0.8229605,0.12176674,0.0027748942
1419,0.7794939,0.81516707,0.11915404,0.0077934265
1420,0.686707,0.8044546,0.12065678,0.010712445
1421,0.69787306,0.7949505,0.12121836,0.009504139
1422,0.80119926,0.78123677,0.10176556,0.013713717
1423,0.804851,0.7797112,0.10113822,0.0015255809
1424,0.81892717,0.7724865,0.09207965,0.007224679
1425,0.8541627,0.77252716,0.09211741,0.000040650368
1426,0.81395644,0.7701858,0.09033402,0.00234133
1427,0.8704539,0.77517205,0.09307626,0.0049862266
1428,0.9428041,0.7905965,0.09406113,0.01542443
1429,0.95837575,0.8026085,0.09950294,0.012012005
1430,0.9880751,0.81690425,0.104714304,0.014295757
1431,0.8753515,0.8275167,0.09890068,0.010612428
1432,0.8728624,0.8387043,0.08990312,0.011187613
1433,1.0271403,0.84170926,0.09526303,0.0030049682
1434,1.1049821,0.849408,0.109690174,0.0076987147
1435,1.19646,0.87076366,0.13249041,0.021355689
1436,0.8250134,0.87140846,0.13222109,0.00064480305
1437,0.8838691,0.879999,0.12679301,0.008590519
1438,0.88677275,0.8844665,0.12529556,0.004467547
1439,0.9282655,0.8919051,0.123133,0.0074386
1440,0.8499026,0.90006495,0.11387882,0.008159816
1441,0.92131966,0.91123724,0.10348484,0.011172295
1442,0.89830947,0.91609275,0.10027865,0.0048555136
1443,0.78524035,0.9151122,0.101511925,0.000980556
1444,0.83437085,0.9158844,0.10079799,0.0007721782
1445,0.89752275,0.9180524,0.09986254,0.0021679997
1446,0.9691326,0.9258112,0.09734563,0.007758796
1447,0.881814,0.9263792,0.09703828,0.00056803226
1448,0.88454306,0.9234662,0.097393095,0.0029129982
1449,0.86752546,0.9189237,0.09779702,0.0045425296
1450,0.8413572,0.9115877,0.09783961,0.007335961
1451,0.84200764,0.9099206,0.098769255,0.0016671419
1452,0.93451285,0.9130031,0.09851353,0.0030825138
1453,1.0172766,0.9125099,0.09793505,0.00049316883
1454,0.88715345,0.9016185,0.0868935,0.0108914375
1455,0.9233378,0.88796234,0.052949592,0.013656139
1456,0.8978884,0.89160615,0.050855804,0.0036438107
1457,0.89494264,0.89215976,0.05082741,0.00055360794
1458,0.8265663,0.8891495,0.052903753,0.003010273
1459,0.75252545,0.8803624,0.060161695,0.008787096
1460,0.7283109,0.87428284,0.06890948,0.0060795546
1461,0.65538746,0.86098623,0.08347346,0.013296604
1462,0.80476606,0.8563091,0.08389176,0.004677117
1463,0.92882895,0.8634885,0.08363335,0.0071793795
1464,0.7476261,0.85915124,0.08738789,0.004337251
1465,0.860559,0.85730314,0.086923294,0.0018481016
1466,0.7362607,0.84565955,0.08675176,0.011643589
1467,0.8802533,0.8455814,0.08671822,0.00007814169
1468,0.84201086,0.84345484,0.086232625,0.0021265745
1469,1.2052952,0.86034334,0.118305996,0.0168885
1470,0.819563,0.8592536,0.11859011,0.0010897517
1471,0.97192776,0.86574966,0.12112689,0.006496072
1472,0.7151484,0.85478145,0.12445863,0.010968208
1473,0.77136475,0.8424858,0.11961321,0.012295663
1474,0.77801585,0.837029,0.119957164,0.005456805
1475,0.7520779,0.82846594,0.11958385,0.008563042
1476,0.6551523,0.8163291,0.12438856,0.012136817
1477,0.63071615,0.8031179,0.12952526,0.01321125
1478,1.7103578,0.8473074,0.24085803,0.044189513
1479,0.6957338,0.8444678,0.24236433,0.0028395653
1480,0.7203477,0.84406966,0.24257165,0.00039815903
1481,0.6330229,0.8429514,0.24353686,0.0011182427
1482,0.8464833,0.8450373,0.24337119,0.0020858645
1483,0.63014394,0.83010304,0.24709456,0.014934242
1484,0.7218661,0.8288151,0.2476137,0.0012879372
1485,0.9791334,0.8347438,0.24982344,0.005928695
1486,0.8027212,0.83806676,0.24888477,0.003322959
1487,1.4333138,0.8657198,0.28230017,0.027653039
1488,1.1467406,0.8809563,0.28909495,0.015236497
1489,0.8058195,0.86098254,0.2791352,0.019973755
1490,0.71067095,0.8555379,0.2810411,0.005444646
1491,0.7210974,0.8429964,0.28117046,0.012541473
1492,0.7201162,0.84324473,0.28105375,0.00024831295
1493,0.61644816,0.8354989,0.28524256,0.0077458024
1494,0.5358961,0.823393,0.29284713,0.012105942
1495,0.68223566,0.8199009,0.2941558,0.003492117
1496,0.70150363,0.8222184,0.29296967,0.0023175478
1497,0.5981393,0.82058954,0.2941785,0.0016288757
1498,0.67273766,0.7687086,0.20782314,0.051880956
1499,0.83725256,0.7757845,0.20761684,0.007075906
1500,0.7153278,0.7755335,0.2076904,0.00025099516
1501,0.7193922,0.779852,0.20545718,0.0043184757
1502,0.70302886,0.7726792,0.20551264,0.0071727633
1503,0.7588853,0.77911633,0.20281164,0.006437123
1504,0.7122726,0.77863663,0.20296547,0.00047969818
1505,0.7169657,0.76552826,0.19773352,0.013108373
1506,0.65179574,0.75798196,0.19911452,0.0075463057
1507,0.70061654,0.72134715,0.12001329,0.036634803
1508,0.5982007,0.69392014,0.06989513,0.027427018
1509,0.56834847,0.68204653,0.07005577,0.011873603
1510,0.73689556,0.68335783,0.070860535,0.0013113022
1511,0.69498086,0.682052,0.07036738,0.0013058186
1512,0.59681946,0.67588717,0.07223332,0.006164849
1513,0.54313827,0.67222166,0.07710415,0.0036655068
1514,0.53222203,0.67203796,0.07744965,0.00018370152
1515,0.5110357,0.66347796,0.08532377,0.008560002
1516,0.6059539,0.65870047,0.085756496,0.004777491
1517,0.70467705,0.66402733,0.08510304,0.005326867
1518,0.6415621,0.66246855,0.08522054,0.0015587807
1519,0.72800946,0.6570064,0.07648107,0.0054621696
1520,0.928205,0.6676503,0.097067304,0.010643899
1521,0.7493597,0.6691486,0.0981335,0.0014983416
1522,0.62680376,0.6653374,0.098228574,0.0038112402
1523,0.57857347,0.6563218,0.09746236,0.00901556
1524,0.5910198,0.65025914,0.09756997,0.0060626864
1525,0.634521,0.64613694,0.09633717,0.0041221976
1526,0.7489238,0.65099335,0.09904746,0.0048564076
1527,0.6074435,0.6463347,0.09878143,0.0046586394
1528,0.6347436,0.6481618,0.09818038,0.0018271208
1529,0.58022743,0.6487558,0.09770692,0.0005939603
1530,0.63136625,0.6434793,0.09552161,0.005276501
1531,0.66222674,0.6418416,0.09487071,0.0016376972
1532,0.7699885,0.65050006,0.09838267,0.008658469
1533,0.6181813,0.6542522,0.09546016,0.0037521124
1534,0.6634327,0.66081274,0.09103854,0.006560564
1535,0.77411205,0.6739665,0.08718263,0.013153791
1536,0.6415709,0.6757474,0.086077,0.0017808676
1537,0.82629573,0.6818284,0.0922993,0.006080985
1538,0.84602433,0.6920515,0.09870551,0.010223091
1539,0.81079185,0.69619054,0.10197431,0.0041390657
1540,0.9362794,0.6965943,0.102952495,0.00040376186
1541,1.0887797,0.7135653,0.13507308,0.016970992
1542,0.98214597,0.7313324,0.1459893,0.017767131
1543,0.7739624,0.74110186,0.14170352,0.00976944
1544,0.7248918,0.74779546,0.13733552,0.0066936016
1545,0.7911095,0.7556249,0.13498126,0.007829428
1546,0.6506727,0.7507123,0.13701062,0.004912615
1547,0.65246755,0.7529635,0.13488612,0.0022512078
1548,0.6227554,0.7523641,0.1354645,0.0005993843
1549,0.7912821,0.76291686,0.12943569,0.010552764
1550,0.8073715,0.77171713,0.12595741,0.008800268
1551,0.895475,0.7833795,0.1260843,0.011662364
1552,0.7897943,0.7843698,0.12605137,0.0009903312
1553,0.5984912,0.78338534,0.1274864,0.0009844899
1554,0.64507574,0.7824675,0.12845784,0.0009178519
1555,0.7520768,0.7813657,0.12862766,0.0011017919
1556,0.79385006,0.78897965,0.12435312,0.007613957
1557,0.7932138,0.78732556,0.12405028,0.0016540885
1558,0.73663265,0.78185594,0.12373717,0.00546962
1559,2.348254,0.85872906,0.37173015,0.07687312
1560,0.69191337,0.84651077,0.37306064,0.0122182965
1561,0.81087655,0.8326157,0.36871216,0.013895094
1562,0.687416,0.8178791,0.36831084,0.014736593
1563,0.5916288,0.80876243,0.37169617,0.00911665
1564,0.71759766,0.80839777,0.3717864,0.00036466122
1565,0.65930414,0.8018075,0.37327418,0.006590247
1566,0.6849499,0.80352134,0.37262183,0.0017138124
1567,0.6418484,0.8029903,0.3728559,0.0005310178
1568,0.8660642,0.8151558,0.3706284,0.012165487
1569,0.70939165,0.81106126,0.37135765,0.004094541
1570,0.6607588,0.80373067,0.37287828,0.0073305964
1571,0.7214839,0.7950311,0.37265477,0.008699596
1572,0.7488055,0.7929817,0.37279776,0.0020493865
1573,0.740909,0.80010253,0.3702386,0.0071208477
1574,0.7135783,0.80352765,0.3690439,0.0034251213
1575,0.67221767,0.7995347,0.3700605,0.0039929748
1576,0.63655734,0.7916701,0.37185475,0.007864594
1577,0.77131605,0.79057515,0.3718822,0.0010949373
1578,0.8035045,0.7939188,0.37167224,0.0033436418
1579,0.76349056,0.7146806,0.06651439,0.07923818
1580,0.78025585,0.71909773,0.06784295,0.0044171214
1581,0.8657306,0.72184044,0.07268462,0.0027427077
1582,0.7371287,0.7243261,0.072294414,0.002485633
1583,0.74388546,0.7319389,0.06525983,0.0076128244
1584,0.8173364,0.73692584,0.06786509,0.004986942
1585,0.8006528,0.7439933,0.06670625,0.007067442
1586,0.72757375,0.74612445,0.06538847,0.002131164
1587,0.76150924,0.7521075,0.060647666,0.0059830546
1588,0.9339275,0.7555007,0.06872016,0.0033931732
1589,0.8946387,0.764763,0.07442562,0.009262323
1590,0.8426261,0.7738564,0.072124265,0.009093404
1591,0.8362479,0.7795946,0.072303295,0.0057381988
1592,0.7979379,0.7820512,0.07203631,0.0024566054
1593,0.9160846,0.79081,0.07723283,0.008758783
1594,1.1294711,0.8116046,0.10598201,0.02079463
1595,0.69942236,0.8129648,0.10425946,0.001360178
1596,0.92511547,0.82739276,0.098361716,0.01442796
1597,1.0599155,0.84182274,0.110163346,0.0144299865
1598,0.91697073,0.84749603,0.11100462,0.0056732893
1599,0.9592149,0.8572823,0.11183335,0.009786248
1600,1.3411744,0.8853282,0.1539163,0.028045893
1601,1.1123226,0.89765775,0.1619318,0.012329578
1602,0.91060656,0.9063317,0.15746506,0.008673966
1603,0.89384747,0.9138298,0.15282467,0.0074980855
1604,0.9225358,0.9190898,0.15112974,0.0052599907
1605,0.93478864,0.9257966,0.14855146,0.006706834
1606,0.9200554,0.93542063,0.14108069,0.009624004
1607,0.9708427,0.94588727,0.1351393,0.010466635
1608,0.88999695,0.9436908,0.13569978,0.0021964908
1609,0.90430343,0.944174,0.13553302,0.00048321486
1610,0.81974345,0.9430299,0.1365283,0.0011441112
1611,0.91510415,0.94697267,0.13440436,0.0039427876
1612,0.9472101,0.9544363,0.129757,0.007463634
1613,0.8433152,0.95079786,0.1318917,0.0036384463
1614,0.79324275,0.9339865,0.12932211,0.01681137
1615,0.7807049,0.93805057,0.1226687,0.004064083
1616,0.8809074,0.93584013,0.12331066,0.0022104383
1617,0.8008907,0.92288893,0.12319578,0.012951195
1618,0.77974135,0.9160274,0.12729606,0.006861508
1619,0.8588104,0.9110072,0.12748292,0.005020201
1620,0.7609362,0.8819953,0.08253539,0.029011905
1621,0.86435324,0.86959684,0.062245645,0.012398481
1622,0.8872663,0.86842984,0.061652277,0.0011669993
1623,0.88133913,0.8678044,0.061443955,0.00062543154
1624,0.866604,0.86500776,0.060079478,0.00279665
1625,0.8640445,0.8614706,0.05779394,0.003537178
1626,0.8199698,0.8564663,0.056778397,0.0050042868
1627,0.9036838,0.8531084,0.051388077,0.0033578873
1628,0.8000361,0.8486103,0.051923636,0.004498124
1629,0.8606937,0.8464298,0.050353702,0.002180457
1630,0.8099666,0.84594095,0.05067286,0.0004888773
1631,0.85227275,0.8427995,0.048038468,0.0031414628
1632,0.7616404,0.833521,0.044609178,0.009278476
1633,0.71310204,0.82701033,0.051995248,0.006510675
1634,0.9134307,0.83301973,0.05475908,0.0060094
1635,0.7679896,0.83238393,0.05546767,0.00063580275
1636,0.8602049,0.8313488,0.054702368,0.0010351539
1637,0.92510265,0.8375594,0.058013286,0.006210625
1638,0.7628265,0.8367137,0.059015192,0.0008457303
1639,0.69956404,0.8287514,0.06618429,0.0079622865
1640,0.6708364,0.8242463,0.07368467,0.004505098
1641,0.7744794,0.8197527,0.07385031,0.004493594
1642,0.75129515,0.8129541,0.073566094,0.0067985654
1643,0.6139214,0.7995832,0.084039256,0.013370931
1644,0.66602063,0.789554,0.08751687,0.010029197
1645,0.712087,0.7819562,0.08730545,0.007597804
1646,0.68754184,0.7753348,0.08927036,0.0066214204
1647,0.61558414,0.76092976,0.09070238,0.014405012
1648,0.5900402,0.75043,0.09781307,0.010499775
1649,0.6450506,0.73964787,0.09689988,0.010782123
1650,0.6325077,0.7307749,0.0982376,0.008872986
1651,0.6736012,0.72184134,0.09466639,0.008933544
1652,0.64257115,0.71588784,0.09576938,0.0059534907
1653,0.7293656,0.71670103,0.09581352,0.00081318617
1654,0.7416698,0.708113,0.08425218,0.008588016
1655,0.73147225,0.7062871,0.08327632,0.0018259287
1656,0.7173128,0.6991425,0.07510481,0.0071445704
1657,0.7176389,0.68876934,0.053462233,0.010373175
1658,0.73958135,0.6876071,0.052000195,0.001162231
1659,0.8021906,0.6927384,0.057963777,0.0051313043
1660,0.7130503,0.69484913,0.057892803,0.0021107197
1661,0.84514326,0.69838226,0.064757705,0.003533125
1662,0.8469028,0.70316267,0.07199385,0.0047804117
1663,0.8549738,0.7152153,0.0763153,0.012052655
1664,0.9355168,0.7286901,0.08977682,0.013474762
1665,0.8367216,0.7349218,0.09283719,0.006231725
1666,0.89146626,0.745118,0.09839185,0.010196209
1667,0.84268296,0.75647295,0.09572421,0.011354923
1668,0.8720878,0.7705754,0.09055058,0.014102459
1669,0.7421454,0.7754301,0.0859526,0.004854679
1670,0.80531424,0.78407043,0.079253845,0.008640349
1671,0.7363839,0.7872096,0.07581687,0.0031391382
1672,0.86939913,0.79855096,0.06976579,0.011341393
1673,0.87335056,0.8057502,0.069679655,0.007199228
1674,0.8082743,0.8090804,0.06802789,0.0033302307
1675,0.715987,0.8083062,0.0690383,0.00077420473
1676,0.7443066,0.80965585,0.06741043,0.001349628
1677,0.6472367,0.8061358,0.073985845,0.0035200715
1678,0.75821877,0.8070677,0.07321683,0.0009319186
1679,0.7754841,0.80573237,0.07355323,0.0013353229
1680,0.70648056,0.8054038,0.07400223,0.0003285408
1681,0.78467315,0.8023804,0.07352693,0.0030234456
1682,0.7924002,0.7996552,0.07279632,0.002725184
1683,0.72082144,0.7929476,0.07360691,0.0067076087
1684,0.70631105,0.7814873,0.06786004,0.011460304
1685,0.887206,0.7840115,0.070893876,0.002524197
1686,0.6872355,0.7738,0.06929208,0.010211468
1687,0.6767205,0.76550186,0.070535116,0.008298159
1688,0.6120596,0.7525004,0.07374639,0.013001442
1689,0.6880317,0.7497948,0.07512609,0.0027056336
1690,0.68241173,0.7436496,0.07537187,0.0061451793
1691,0.68153995,0.74090743,0.07663718,0.0027421713
1692,0.7655529,0.7357151,0.07076647,0.0051923394
1693,0.7371379,0.7289045,0.06294558,0.0068106055
1694,0.6702308,0.7220023,0.061332148,0.0069021583
1695,0.8130602,0.72685593,0.06458581,0.004853606
1696,0.8024006,0.72976065,0.06668422,0.0029047132
1697,0.8645944,0.74062854,0.07014896,0.010867894
1698,0.76801574,0.7411184,0.07031227,0.00048983097
