criterion,ray_M,P,M,lr,n_div,n_windows,any_div,frac_div
primary: crypto peak>1e3,0.25,0.5,0.25,2.0,0,10,false,0.0
primary: crypto peak>1e3,0.25,128.0,0.25,512.0,0,10,false,0.0
primary: crypto peak>1e3,0.5,0.5,0.5,1.0,0,10,false,0.0
primary: crypto peak>1e3,0.5,128.0,0.5,256.0,0,10,false,0.0
primary: crypto peak>1e3,1.0,0.5,1.0,0.5,0,10,false,0.0
primary: crypto peak>1e3,1.0,128.0,1.0,128.0,0,10,false,0.0
primary: crypto peak>1e3,2.0,0.5,2.0,0.25,0,10,false,0.0
primary: crypto peak>1e3,2.0,128.0,2.0,64.0,0,10,false,0.0
primary: crypto peak>1e3,4.0,0.5,4.0,0.125,0,10,false,0.0
primary: crypto peak>1e3,4.0,128.0,4.0,32.0,0,10,false,0.0
primary: crypto peak>1e3,8.0,0.5,8.0,0.0625,0,10,false,0.0
primary: crypto peak>1e3,8.0,128.0,8.0,16.0,0,10,false,0.0
primary: crypto peak>1e3,16.0,0.5,16.0,0.03125,0,10,false,0.0
primary: crypto peak>1e3,16.0,128.0,16.0,8.0,0,10,false,0.0
primary: crypto peak>1e3,32.0,0.5,32.0,0.015625,0,10,false,0.0
primary: crypto peak>1e3,32.0,128.0,32.0,4.0,0,10,false,0.0
secondary: Jane _diverged,0.25,0.5,0.25,2.0,0,10,false,0.0
secondary: Jane _diverged,0.25,128.0,0.25,512.0,10,10,true,1.0
secondary: Jane _diverged,0.25,8.0,0.25,32.0,1,10,true,0.1
secondary: Jane _diverged,0.25,2.0,0.25,8.0,0,10,false,0.0
secondary: Jane _diverged,0.25,4.0,0.25,16.0,0,10,false,0.0
secondary: Jane _diverged,0.25,5.656854249492381,0.25,22.627416997969522,0,10,false,0.0
secondary: Jane _diverged,0.25,6.727171322029717,0.25,26.908685288118868,1,10,true,0.1
secondary: Jane _diverged,0.25,6.168843301631764,0.25,24.675373206527055,0,10,false,0.0
secondary: Jane _diverged,0.25,6.441961327797018,0.25,25.767845311188072,0,10,false,0.0
secondary: Jane _diverged,0.25,6.583021912615861,0.25,26.332087650463443,0,10,false,0.0
secondary: Jane _diverged,0.25,6.654706321306946,0.25,26.618825285227786,1,10,true,0.1
secondary: Jane _diverged,0.25,6.618767070624778,0.25,26.475068282499112,1,10,true,0.1
secondary: Jane _diverged,0.5,0.5,0.5,1.0,0,10,false,0.0
secondary: Jane _diverged,0.5,128.0,0.5,256.0,10,10,true,1.0
secondary: Jane _diverged,0.5,8.0,0.5,16.0,1,10,true,0.1
secondary: Jane _diverged,0.5,2.0,0.5,4.0,0,10,false,0.0
secondary: Jane _diverged,0.5,4.0,0.5,8.0,0,10,false,0.0
secondary: Jane _diverged,0.5,5.656854249492381,0.5,11.313708498984761,0,10,false,0.0
secondary: Jane _diverged,0.5,6.727171322029717,0.5,13.454342644059434,0,10,false,0.0
secondary: Jane _diverged,0.5,7.33603234563737,0.5,14.67206469127474,1,10,true,0.1
secondary: Jane _diverged,0.5,7.025008641493198,0.5,14.050017282986396,1,10,true,0.1
secondary: Jane _diverged,0.5,6.874477192489912,0.5,13.748954384979823,0,10,false,0.0
secondary: Jane _diverged,0.5,6.949335341094825,0.5,13.89867068218965,1,10,true,0.1
secondary: Jane _diverged,0.5,6.91180492384735,0.5,13.8236098476947,0,10,false,0.0
secondary: Jane _diverged,1.0,0.5,1.0,0.5,0,10,false,0.0
secondary: Jane _diverged,1.0,128.0,1.0,128.0,10,10,true,1.0
secondary: Jane _diverged,1.0,8.0,1.0,8.0,1,10,true,0.1
secondary: Jane _diverged,1.0,2.0,1.0,2.0,0,10,false,0.0
secondary: Jane _diverged,1.0,4.0,1.0,4.0,0,10,false,0.0
secondary: Jane _diverged,1.0,5.656854249492381,1.0,5.656854249492381,0,10,false,0.0
secondary: Jane _diverged,1.0,6.727171322029717,1.0,6.727171322029717,0,10,false,0.0
secondary: Jane _diverged,1.0,7.33603234563737,1.0,7.33603234563737,0,10,false,0.0
secondary: Jane _diverged,1.0,7.660826245588589,1.0,7.660826245588589,1,10,true,0.1
secondary: Jane _diverged,1.0,7.4966705364412,1.0,7.4966705364412,0,10,false,0.0
secondary: Jane _diverged,1.0,7.578303926347862,1.0,7.578303926347862,0,10,false,0.0
secondary: Jane _diverged,1.0,7.6194533672706966,1.0,7.6194533672706966,1,10,true,0.1
secondary: Jane _diverged,2.0,0.5,2.0,0.25,0,10,false,0.0
secondary: Jane _diverged,2.0,128.0,2.0,64.0,10,10,true,1.0
secondary: Jane _diverged,2.0,8.0,2.0,4.0,0,10,false,0.0
secondary: Jane _diverged,2.0,32.0,2.0,16.0,10,10,true,1.0
secondary: Jane _diverged,2.0,16.0,2.0,8.0,4,10,true,0.4
secondary: Jane _diverged,2.0,11.313708498984761,2.0,5.656854249492381,0,10,false,0.0
secondary: Jane _diverged,2.0,13.454342644059434,2.0,6.727171322029717,2,10,true,0.2
secondary: Jane _diverged,2.0,12.337686603263528,2.0,6.168843301631764,1,10,true,0.1
secondary: Jane _diverged,2.0,11.814609167515997,2.0,5.907304583757998,1,10,true,0.1
secondary: Jane _diverged,2.0,11.561446455816375,2.0,5.7807232279081875,1,10,true,0.1
secondary: Jane _diverged,2.0,11.43690670713576,2.0,5.71845335356788,1,10,true,0.1
secondary: Jane _diverged,2.0,11.375140817353325,2.0,5.687570408676662,1,10,true,0.1
secondary: Jane _diverged,4.0,0.5,4.0,0.125,0,10,false,0.0
secondary: Jane _diverged,4.0,128.0,4.0,32.0,10,10,true,1.0
secondary: Jane _diverged,4.0,8.0,4.0,2.0,0,10,false,0.0
secondary: Jane _diverged,4.0,32.0,4.0,8.0,9,10,true,0.9
secondary: Jane _diverged,4.0,16.0,4.0,4.0,1,10,true,0.1
secondary: Jane _diverged,4.0,11.313708498984761,4.0,2.8284271247461903,0,10,false,0.0
secondary: Jane _diverged,4.0,13.454342644059434,4.0,3.3635856610148585,0,10,false,0.0
secondary: Jane _diverged,4.0,14.67206469127474,4.0,3.668016172818685,1,10,true,0.1
secondary: Jane _diverged,4.0,14.050017282986396,4.0,3.512504320746599,0,10,false,0.0
secondary: Jane _diverged,4.0,14.357672600024857,4.0,3.5894181500062143,0,10,false,0.0
secondary: Jane _diverged,4.0,14.514017404003189,4.0,3.6285043510007973,0,10,false,0.0
secondary: Jane _diverged,4.0,14.592827083256426,4.0,3.6482067708141064,1,10,true,0.1
secondary: Jane _diverged,8.0,0.5,8.0,0.0625,0,10,false,0.0
secondary: Jane _diverged,8.0,128.0,8.0,16.0,10,10,true,1.0
secondary: Jane _diverged,8.0,8.0,8.0,1.0,0,10,false,0.0
secondary: Jane _diverged,8.0,32.0,8.0,4.0,8,10,true,0.8
secondary: Jane _diverged,8.0,16.0,8.0,2.0,0,10,false,0.0
secondary: Jane _diverged,8.0,22.627416997969522,8.0,2.8284271247461903,1,10,true,0.1
secondary: Jane _diverged,8.0,19.027313840043536,8.0,2.378414230005442,1,10,true,0.1
secondary: Jane _diverged,8.0,17.448123722644123,8.0,2.1810154653305154,0,10,false,0.0
secondary: Jane _diverged,8.0,18.220618156107065,8.0,2.277577269513383,0,10,false,0.0
secondary: Jane _diverged,8.0,18.61959774044124,8.0,2.327449717555155,0,10,false,0.0
secondary: Jane _diverged,8.0,18.8223518664045,8.0,2.3527939833005624,1,10,true,0.1
secondary: Jane _diverged,8.0,18.720700314932003,8.0,2.3400875393665004,1,10,true,0.1
secondary: Jane _diverged,16.0,0.5,16.0,0.03125,0,10,false,0.0
secondary: Jane _diverged,16.0,128.0,16.0,8.0,10,10,true,1.0
secondary: Jane _diverged,16.0,8.0,16.0,0.5,0,10,false,0.0
secondary: Jane _diverged,16.0,32.0,16.0,2.0,3,10,true,0.3
secondary: Jane _diverged,16.0,16.0,16.0,1.0,0,10,false,0.0
secondary: Jane _diverged,16.0,22.627416997969522,16.0,1.4142135623730951,0,10,false,0.0
secondary: Jane _diverged,16.0,26.908685288118868,16.0,1.6817928305074292,0,10,false,0.0
secondary: Jane _diverged,16.0,29.34412938254948,16.0,1.8340080864093424,1,10,true,0.1
secondary: Jane _diverged,16.0,28.10003456597279,16.0,1.7562521603732995,1,10,true,0.1
secondary: Jane _diverged,16.0,27.497908769959647,16.0,1.718619298122478,0,10,false,0.0
secondary: Jane _diverged,16.0,27.7973413643793,16.0,1.7373338352737062,0,10,false,0.0
secondary: Jane _diverged,16.0,27.9482781791867,16.0,1.7467673861991688,0,10,false,0.0
secondary: Jane _diverged,32.0,0.5,32.0,0.015625,0,10,false,0.0
secondary: Jane _diverged,32.0,128.0,32.0,4.0,8,10,true,0.8
secondary: Jane _diverged,32.0,8.0,32.0,0.25,0,10,false,0.0
secondary: Jane _diverged,32.0,32.0,32.0,1.0,0,10,false,0.0
secondary: Jane _diverged,32.0,64.0,32.0,2.0,7,10,true,0.7
secondary: Jane _diverged,32.0,45.254833995939045,32.0,1.4142135623730951,4,10,true,0.4
secondary: Jane _diverged,32.0,38.05462768008707,32.0,1.189207115002721,1,10,true,0.1
secondary: Jane _diverged,32.0,34.896247445288246,32.0,1.0905077326652577,0,10,false,0.0
secondary: Jane _diverged,32.0,36.44123631221413,32.0,1.1387886347566916,0,10,false,0.0
secondary: Jane _diverged,32.0,37.23919548088248,32.0,1.1637248587775775,0,10,false,0.0
secondary: Jane _diverged,32.0,37.644703732809,32.0,1.1763969916502812,0,10,false,0.0
secondary: Jane _diverged,32.0,37.84911075149891,32.0,1.182784710984341,0,10,false,0.0
